"subj_id","Sex","Age","Handedness","Color_blindness","part","rt","response","correct","coherent_direction","coherence","isMatch","association","difficulty","dot_color_final","target_color_proportion"
"2","女",22,"右","都不是","match_RDK","1613","j",1,"180",0.22,"mismatch","self","1","[""white""]",0
"2","女",22,"右","都不是","match_RDK","1742","f",1,"0",0.16,"match","other","2","[""white""]",0
"2","女",22,"右","都不是","match_RDK","1724","j",1,"180",0.05,"mismatch","self","4","[""white""]",0
"2","女",22,"右","都不是","match_RDK","1627","j",1,"0",0.22,"mismatch","other","1","[""white""]",0
"2","女",22,"右","都不是","match_RDK","1436","j",1,"180",0.16,"mismatch","self","2","[""white""]",0
"2","女",22,"右","都不是","match_RDK","1382","f",1,"180",0.16,"match","self","2","[""white""]",0
"2","女",22,"右","都不是","match_RDK","1807","f",1,"0",0.22,"match","other","1","[""white""]",0
"2","女",22,"右","都不是","match_RDK","1484","j",1,"0",0.16,"mismatch","other","2","[""white""]",0
"2","女",22,"右","都不是","match_RDK","1363","f",1,"180",0.05,"match","self","4","[""white""]",0
"2","女",22,"右","都不是","match_RDK","1536","f",1,"0",0.05,"match","other","4","[""white""]",0
"2","女",22,"右","都不是","match_RDK","1510","j",1,"180",0.11,"mismatch","self","3","[""white""]",0
"2","女",22,"右","都不是","match_RDK","2219","j",1,"0",0.05,"mismatch","other","4","[""white""]",0
"2","女",22,"右","都不是","match_RDK","2247","f",1,"180",0.11,"match","self","3","[""white""]",0
"2","女",22,"右","都不是","match_RDK","2111","f",0,"0",0.11,"mismatch","other","3","[""white""]",0
"2","女",22,"右","都不是","match_RDK","1549","f",1,"0",0.11,"match","other","3","[""white""]",0
"2","女",22,"右","都不是","match_RDK","1443","f",1,"180",0.22,"match","self","1","[""white""]",0
"2","女",22,"右","都不是","match_RDK","923","f",1,"180",0.16,"match","self","2","[""white""]",0
"2","女",22,"右","都不是","match_RDK","1305","f",1,"180",0.22,"match","self","1","[""white""]",0
"2","女",22,"右","都不是","match_RDK","2584","f",0,"180",0.05,"mismatch","self","4","[""white""]",0
"2","女",22,"右","都不是","match_RDK","2115","f",1,"180",0.05,"match","self","4","[""white""]",0
"2","女",22,"右","都不是","match_RDK","2626","j",1,"180",0.11,"mismatch","self","3","[""white""]",0
"2","女",22,"右","都不是","match_RDK","2957","f",0,"0",0.22,"mismatch","other","1","[""white""]",0
"2","女",22,"右","都不是","match_RDK","1915","j",1,"180",0.22,"mismatch","self","1","[""white""]",0
"2","女",22,"右","都不是","match_RDK","1471","j",1,"180",0.16,"mismatch","self","2","[""white""]",0
"2","女",22,"右","都不是","match_RDK","1847","f",1,"0",0.16,"match","other","2","[""white""]",0
"2","女",22,"右","都不是","match_RDK","2769","j",1,"0",0.11,"mismatch","other","3","[""white""]",0
"2","女",22,"右","都不是","match_RDK","2276","f",1,"0",0.11,"match","other","3","[""white""]",0
"2","女",22,"右","都不是","match_RDK","3004","f",1,"180",0.11,"match","self","3","[""white""]",0
"2","女",22,"右","都不是","match_RDK","1560","f",1,"0",0.22,"match","other","1","[""white""]",0
"2","女",22,"右","都不是","match_RDK","2684","j",1,"0",0.16,"mismatch","other","2","[""white""]",0
"2","女",22,"右","都不是","match_RDK","-1","",0,"0",0.05,"mismatch","other","4","[""white""]",0
"2","女",22,"右","都不是","match_RDK","2076","j",0,"0",0.05,"match","other","4","[""white""]",0
"2","女",22,"右","都不是","match_RDK","1340","j",1,"180",0.22,"mismatch","self","1","[""white""]",0
"2","女",22,"右","都不是","match_RDK","2602","f",0,"0",0.05,"mismatch","other","4","[""white""]",0
"2","女",22,"右","都不是","match_RDK","1381","f",1,"0",0.22,"match","other","1","[""white""]",0
"2","女",22,"右","都不是","match_RDK","1953","j",1,"0",0.11,"mismatch","other","3","[""white""]",0
"2","女",22,"右","都不是","match_RDK","1798","f",1,"180",0.22,"match","self","1","[""white""]",0
"2","女",22,"右","都不是","match_RDK","1346","f",1,"0",0.11,"match","other","3","[""white""]",0
"2","女",22,"右","都不是","match_RDK","1070","f",1,"180",0.11,"match","self","3","[""white""]",0
"2","女",22,"右","都不是","match_RDK","1413","j",1,"0",0.22,"mismatch","other","1","[""white""]",0
"2","女",22,"右","都不是","match_RDK","1377","j",1,"180",0.11,"mismatch","self","3","[""white""]",0
"2","女",22,"右","都不是","match_RDK","1323","f",1,"0",0.16,"match","other","2","[""white""]",0
"2","女",22,"右","都不是","match_RDK","1419","j",1,"180",0.05,"mismatch","self","4","[""white""]",0
"2","女",22,"右","都不是","match_RDK","1171","j",1,"0",0.16,"mismatch","other","2","[""white""]",0
"2","女",22,"右","都不是","match_RDK","1514","j",1,"180",0.16,"mismatch","self","2","[""white""]",0
"2","女",22,"右","都不是","match_RDK","2064","f",1,"180",0.05,"match","self","4","[""white""]",0
"2","女",22,"右","都不是","match_RDK","1390","j",0,"0",0.05,"match","other","4","[""white""]",0
"2","女",22,"右","都不是","match_RDK","1689","f",1,"180",0.16,"match","self","2","[""white""]",0
"2","女",22,"右","都不是","match_RDK","2313","f",0,"0",0.05,"mismatch","other","4","[""white""]",0
"2","女",22,"右","都不是","match_RDK","1230","f",1,"0",0.11,"match","other","3","[""white""]",0
"2","女",22,"右","都不是","match_RDK","1840","f",1,"0",0.16,"match","other","2","[""white""]",0
"2","女",22,"右","都不是","match_RDK","1656","f",0,"0",0.22,"mismatch","other","1","[""white""]",0
"2","女",22,"右","都不是","match_RDK","1609","j",1,"180",0.16,"mismatch","self","2","[""white""]",0
"2","女",22,"右","都不是","match_RDK","2493","f",1,"0",0.05,"match","other","4","[""white""]",0
"2","女",22,"右","都不是","match_RDK","1277","f",1,"180",0.22,"match","self","1","[""white""]",0
"2","女",22,"右","都不是","match_RDK","2076","j",1,"180",0.22,"mismatch","self","1","[""white""]",0
"2","女",22,"右","都不是","match_RDK","2011","j",1,"0",0.16,"mismatch","other","2","[""white""]",0
"2","女",22,"右","都不是","match_RDK","1278","j",1,"180",0.05,"mismatch","self","4","[""white""]",0
"2","女",22,"右","都不是","match_RDK","1054","f",1,"180",0.16,"match","self","2","[""white""]",0
"2","女",22,"右","都不是","match_RDK","1286","f",0,"0",0.11,"mismatch","other","3","[""white""]",0
"2","女",22,"右","都不是","match_RDK","1033","j",1,"180",0.11,"mismatch","self","3","[""white""]",0
"2","女",22,"右","都不是","match_RDK","1664","j",0,"180",0.11,"match","self","3","[""white""]",0
"2","女",22,"右","都不是","match_RDK","1840","f",1,"0",0.22,"match","other","1","[""white""]",0
"2","女",22,"右","都不是","match_RDK","2489","f",1,"180",0.05,"match","self","4","[""white""]",0
"2","女",22,"右","都不是","match_RDK","1672","j",1,"180",0.11,"mismatch","self","3","[""white""]",0
"2","女",22,"右","都不是","match_RDK","1575","j",1,"180",0.16,"mismatch","self","2","[""white""]",0
"2","女",22,"右","都不是","match_RDK","1485","j",1,"0",0.22,"mismatch","other","1","[""white""]",0
"2","女",22,"右","都不是","match_RDK","1571","f",1,"180",0.22,"match","self","1","[""white""]",0
"2","女",22,"右","都不是","match_RDK","1880","f",1,"0",0.16,"match","other","2","[""white""]",0
"2","女",22,"右","都不是","match_RDK","1313","f",1,"180",0.11,"match","self","3","[""white""]",0
"2","女",22,"右","都不是","match_RDK","2272","f",0,"0",0.11,"mismatch","other","3","[""white""]",0
"2","女",22,"右","都不是","match_RDK","2200","j",1,"180",0.05,"mismatch","self","4","[""white""]",0
"2","女",22,"右","都不是","match_RDK","1249","j",0,"0",0.11,"match","other","3","[""white""]",0
"2","女",22,"右","都不是","match_RDK","2818","j",1,"0",0.05,"mismatch","other","4","[""white""]",0
"2","女",22,"右","都不是","match_RDK","2532","f",1,"0",0.05,"match","other","4","[""white""]",0
"2","女",22,"右","都不是","match_RDK","1427","j",1,"0",0.16,"mismatch","other","2","[""white""]",0
"2","女",22,"右","都不是","match_RDK","1084","f",1,"180",0.05,"match","self","4","[""white""]",0
"2","女",22,"右","都不是","match_RDK","1986","f",1,"0",0.22,"match","other","1","[""white""]",0
"2","女",22,"右","都不是","match_RDK","1447","j",1,"180",0.22,"mismatch","self","1","[""white""]",0
"2","女",22,"右","都不是","match_RDK","1456","f",1,"180",0.16,"match","self","2","[""white""]",0
"2","女",22,"右","都不是","match_RDK","2167","f",1,"0",0.16,"match","other","2","[""white""]",0
"2","女",22,"右","都不是","match_RDK","1508","j",1,"180",0.22,"mismatch","self","1","[""white""]",0
"2","女",22,"右","都不是","match_RDK","2393","f",1,"180",0.05,"match","self","4","[""white""]",0
"2","女",22,"右","都不是","match_RDK","1773","j",1,"180",0.16,"mismatch","self","2","[""white""]",0
"2","女",22,"右","都不是","match_RDK","2619","f",1,"0",0.05,"match","other","4","[""white""]",0
"2","女",22,"右","都不是","match_RDK","1828","f",1,"180",0.16,"match","self","2","[""white""]",0
"2","女",22,"右","都不是","match_RDK","1917","f",0,"180",0.05,"mismatch","self","4","[""white""]",0
"2","女",22,"右","都不是","match_RDK","1331","j",1,"0",0.11,"mismatch","other","3","[""white""]",0
"2","女",22,"右","都不是","match_RDK","1266","f",1,"180",0.11,"match","self","3","[""white""]",0
"2","女",22,"右","都不是","match_RDK","2705","j",1,"0",0.05,"mismatch","other","4","[""white""]",0
"2","女",22,"右","都不是","match_RDK","2425","f",1,"0",0.22,"match","other","1","[""white""]",0
"2","女",22,"右","都不是","match_RDK","1451","j",1,"0",0.22,"mismatch","other","1","[""white""]",0
"2","女",22,"右","都不是","match_RDK","-1","",0,"0",0.16,"mismatch","other","2","[""white""]",0
"2","女",22,"右","都不是","match_RDK","2367","j",1,"180",0.11,"mismatch","self","3","[""white""]",0
"2","女",22,"右","都不是","match_RDK","1505","f",1,"0",0.11,"match","other","3","[""white""]",0
"2","女",22,"右","都不是","match_RDK","1161","f",1,"180",0.22,"match","self","1","[""white""]",0
"2","女",22,"右","都不是","match_RDK","1814","j",1,"180",0.16,"mismatch","self","2","[""white""]",0
"2","女",22,"右","都不是","match_RDK","2768","j",1,"0",0.05,"mismatch","other","4","[""white""]",0
"2","女",22,"右","都不是","match_RDK","1204","f",1,"180",0.22,"match","self","1","[""white""]",0
"2","女",22,"右","都不是","match_RDK","2502","f",1,"0",0.11,"match","other","3","[""white""]",0
"2","女",22,"右","都不是","match_RDK","2340","j",1,"0",0.11,"mismatch","other","3","[""white""]",0
"2","女",22,"右","都不是","match_RDK","1738","j",1,"0",0.22,"mismatch","other","1","[""white""]",0
"2","女",22,"右","都不是","match_RDK","2615","j",1,"180",0.11,"mismatch","self","3","[""white""]",0
"2","女",22,"右","都不是","match_RDK","2641","f",1,"0",0.05,"match","other","4","[""white""]",0
"2","女",22,"右","都不是","match_RDK","-1","",0,"180",0.05,"match","self","4","[""white""]",0
"2","女",22,"右","都不是","match_RDK","1653","j",1,"180",0.05,"mismatch","self","4","[""white""]",0
"2","女",22,"右","都不是","match_RDK","1464","f",0,"0",0.16,"mismatch","other","2","[""white""]",0
"2","女",22,"右","都不是","match_RDK","1281","f",1,"180",0.16,"match","self","2","[""white""]",0
"2","女",22,"右","都不是","match_RDK","2015","f",1,"180",0.11,"match","self","3","[""white""]",0
"2","女",22,"右","都不是","match_RDK","1858","f",1,"0",0.22,"match","other","1","[""white""]",0
"2","女",22,"右","都不是","match_RDK","1304","f",1,"0",0.16,"match","other","2","[""white""]",0
"2","女",22,"右","都不是","match_RDK","1288","j",1,"180",0.22,"mismatch","self","1","[""white""]",0
"2","女",22,"右","都不是","match_RDK","1255","f",1,"180",0.22,"match","self","1","[""white""]",0
"2","女",22,"右","都不是","match_RDK","2697","f",1,"180",0.16,"match","self","2","[""white""]",0
"2","女",22,"右","都不是","match_RDK","1552","f",1,"0",0.16,"match","other","2","[""white""]",0
"2","女",22,"右","都不是","match_RDK","1620","f",1,"0",0.22,"match","other","1","[""white""]",0
"2","女",22,"右","都不是","match_RDK","1991","f",1,"180",0.05,"match","self","4","[""white""]",0
"2","女",22,"右","都不是","match_RDK","2987","f",0,"180",0.05,"mismatch","self","4","[""white""]",0
"2","女",22,"右","都不是","match_RDK","2261","j",1,"0",0.11,"mismatch","other","3","[""white""]",0
"2","女",22,"右","都不是","match_RDK","2780","f",1,"180",0.11,"match","self","3","[""white""]",0
"2","女",22,"右","都不是","match_RDK","1586","j",1,"180",0.16,"mismatch","self","2","[""white""]",0
"2","女",22,"右","都不是","match_RDK","2899","j",1,"0",0.22,"mismatch","other","1","[""white""]",0
"2","女",22,"右","都不是","match_RDK","2723","j",1,"0",0.16,"mismatch","other","2","[""white""]",0
"2","女",22,"右","都不是","match_RDK","2825","j",0,"0",0.11,"match","other","3","[""white""]",0
"2","女",22,"右","都不是","match_RDK","-1","",0,"0",0.05,"mismatch","other","4","[""white""]",0
"2","女",22,"右","都不是","match_RDK","1544","j",1,"180",0.22,"mismatch","self","1","[""white""]",0
"2","女",22,"右","都不是","match_RDK","2812","f",1,"0",0.05,"match","other","4","[""white""]",0
"2","女",22,"右","都不是","match_RDK","1422","j",1,"180",0.11,"mismatch","self","3","[""white""]",0
"2","女",22,"右","都不是","match_RDK","2489","f",0,"0",0.22,"mismatch","other","1","[""white""]",0
"2","女",22,"右","都不是","match_RDK","1335","j",1,"180",0.22,"mismatch","self","1","[""white""]",0
"2","女",22,"右","都不是","match_RDK","1605","j",1,"180",0.16,"mismatch","self","2","[""white""]",0
"2","女",22,"右","都不是","match_RDK","1624","f",1,"0",0.16,"match","other","2","[""white""]",0
"2","女",22,"右","都不是","match_RDK","1737","f",0,"0",0.11,"mismatch","other","3","[""white""]",0
"2","女",22,"右","都不是","match_RDK","2296","f",1,"0",0.22,"match","other","1","[""white""]",0
"2","女",22,"右","都不是","match_RDK","1326","f",1,"180",0.22,"match","self","1","[""white""]",0
"2","女",22,"右","都不是","match_RDK","2829","f",0,"180",0.05,"mismatch","self","4","[""white""]",0
"2","女",22,"右","都不是","match_RDK","2783","f",1,"180",0.05,"match","self","4","[""white""]",0
"2","女",22,"右","都不是","match_RDK","1505","f",1,"180",0.11,"match","self","3","[""white""]",0
"2","女",22,"右","都不是","match_RDK","1417","f",1,"0",0.11,"match","other","3","[""white""]",0
"2","女",22,"右","都不是","match_RDK","2066","f",0,"0",0.05,"mismatch","other","4","[""white""]",0
"2","女",22,"右","都不是","match_RDK","1491","j",1,"0",0.16,"mismatch","other","2","[""white""]",0
"2","女",22,"右","都不是","match_RDK","2682","f",1,"0",0.05,"match","other","4","[""white""]",0
"2","女",22,"右","都不是","match_RDK","1905","f",1,"180",0.16,"match","self","2","[""white""]",0
"2","女",22,"右","都不是","match_RDK","1416","f",0,"180",0.11,"mismatch","self","3","[""white""]",0
"2","女",22,"右","都不是","match_RDK","1651","f",1,"180",0.11,"match","self","3","[""white""]",0
"2","女",22,"右","都不是","match_RDK","1522","f",1,"180",0.16,"match","self","2","[""white""]",0
"2","女",22,"右","都不是","match_RDK","1960","f",1,"0",0.11,"match","other","3","[""white""]",0
"2","女",22,"右","都不是","match_RDK","1869","f",1,"0",0.16,"match","other","2","[""white""]",0
"2","女",22,"右","都不是","match_RDK","1909","j",0,"0",0.22,"match","other","1","[""white""]",0
"2","女",22,"右","都不是","match_RDK","1740","f",1,"180",0.05,"match","self","4","[""white""]",0
"2","女",22,"右","都不是","match_RDK","2297","j",0,"0",0.05,"match","other","4","[""white""]",0
"2","女",22,"右","都不是","match_RDK","1266","j",1,"180",0.22,"mismatch","self","1","[""white""]",0
"2","女",22,"右","都不是","match_RDK","1617","j",1,"180",0.05,"mismatch","self","4","[""white""]",0
"2","女",22,"右","都不是","match_RDK","2515","j",1,"0",0.05,"mismatch","other","4","[""white""]",0
"2","女",22,"右","都不是","match_RDK","1377","j",1,"180",0.16,"mismatch","self","2","[""white""]",0
"2","女",22,"右","都不是","match_RDK","1358","j",1,"0",0.22,"mismatch","other","1","[""white""]",0
"2","女",22,"右","都不是","match_RDK","1194","f",1,"180",0.22,"match","self","1","[""white""]",0
"2","女",22,"右","都不是","match_RDK","1598","j",1,"0",0.16,"mismatch","other","2","[""white""]",0
"2","女",22,"右","都不是","match_RDK","2497","j",1,"180",0.11,"mismatch","self","3","[""white""]",0
"2","女",22,"右","都不是","match_RDK","1728","j",1,"0",0.11,"mismatch","other","3","[""white""]",0
"2","女",22,"右","都不是","match_RDK","1708","j",1,"0",0.16,"mismatch","other","2","[""white""]",0
"2","女",22,"右","都不是","match_RDK","1227","f",1,"180",0.11,"match","self","3","[""white""]",0
"2","女",22,"右","都不是","match_RDK","1726","j",1,"180",0.16,"mismatch","self","2","[""white""]",0
"2","女",22,"右","都不是","match_RDK","1452","f",1,"180",0.22,"match","self","1","[""white""]",0
"2","女",22,"右","都不是","match_RDK","1859","f",1,"0",0.16,"match","other","2","[""white""]",0
"2","女",22,"右","都不是","match_RDK","2508","j",1,"180",0.05,"mismatch","self","4","[""white""]",0
"2","女",22,"右","都不是","match_RDK","1435","j",1,"0",0.22,"mismatch","other","1","[""white""]",0
"2","女",22,"右","都不是","match_RDK","1188","j",1,"180",0.11,"mismatch","self","3","[""white""]",0
"2","女",22,"右","都不是","match_RDK","1927","f",1,"0",0.11,"match","other","3","[""white""]",0
"2","女",22,"右","都不是","match_RDK","2077","j",1,"0",0.11,"mismatch","other","3","[""white""]",0
"2","女",22,"右","都不是","match_RDK","1662","f",1,"180",0.05,"match","self","4","[""white""]",0
"2","女",22,"右","都不是","match_RDK","1438","f",1,"180",0.16,"match","self","2","[""white""]",0
"2","女",22,"右","都不是","match_RDK","1319","j",1,"180",0.22,"mismatch","self","1","[""white""]",0
"2","女",22,"右","都不是","match_RDK","2533","f",0,"0",0.05,"mismatch","other","4","[""white""]",0
"2","女",22,"右","都不是","match_RDK","1603","f",1,"0",0.22,"match","other","1","[""white""]",0
"2","女",22,"右","都不是","match_RDK","2488","f",1,"0",0.05,"match","other","4","[""white""]",0
"2","女",22,"右","都不是","match_RDK","1989","f",1,"0",0.16,"match","other","2","[""white""]",0
"2","女",22,"右","都不是","match_RDK","1800","j",1,"0",0.22,"mismatch","other","1","[""white""]",0
"2","女",22,"右","都不是","match_RDK","2467","f",1,"0",0.11,"match","other","3","[""white""]",0
"2","女",22,"右","都不是","match_RDK","2099","f",1,"180",0.11,"match","self","3","[""white""]",0
"2","女",22,"右","都不是","match_RDK","1586","f",1,"0",0.22,"match","other","1","[""white""]",0
"2","女",22,"右","都不是","match_RDK","-1","",0,"180",0.05,"match","self","4","[""white""]",0
"2","女",22,"右","都不是","match_RDK","2513","j",1,"180",0.05,"mismatch","self","4","[""white""]",0
"2","女",22,"右","都不是","match_RDK","1791","j",1,"180",0.22,"mismatch","self","1","[""white""]",0
"2","女",22,"右","都不是","match_RDK","1242","f",1,"180",0.22,"match","self","1","[""white""]",0
"2","女",22,"右","都不是","match_RDK","1468","j",1,"180",0.11,"mismatch","self","3","[""white""]",0
"2","女",22,"右","都不是","match_RDK","1956","f",1,"0",0.05,"match","other","4","[""white""]",0
"2","女",22,"右","都不是","match_RDK","2568","f",0,"0",0.05,"mismatch","other","4","[""white""]",0
"2","女",22,"右","都不是","match_RDK","1685","f",1,"180",0.16,"match","self","2","[""white""]",0
"2","女",22,"右","都不是","match_RDK","1490","j",1,"0",0.16,"mismatch","other","2","[""white""]",0
"2","女",22,"右","都不是","match_RDK","1611","j",1,"0",0.11,"mismatch","other","3","[""white""]",0
"2","女",22,"右","都不是","match_RDK","1596","j",1,"180",0.16,"mismatch","self","2","[""white""]",0
"2","女",22,"右","都不是","match_RDK","1986","f",1,"0",0.05,"match","other","4","[""white""]",0
"2","女",22,"右","都不是","match_RDK","1621","f",1,"180",0.05,"match","self","4","[""white""]",0
"2","女",22,"右","都不是","match_RDK","1319","f",1,"0",0.11,"match","other","3","[""white""]",0
"2","女",22,"右","都不是","match_RDK","1173","f",1,"180",0.11,"match","self","3","[""white""]",0
"2","女",22,"右","都不是","match_RDK","1512","j",1,"180",0.16,"mismatch","self","2","[""white""]",0
"2","女",22,"右","都不是","match_RDK","1216","j",1,"0",0.22,"mismatch","other","1","[""white""]",0
"2","女",22,"右","都不是","match_RDK","1042","f",1,"180",0.22,"match","self","1","[""white""]",0
"2","女",22,"右","都不是","match_RDK","1371","j",1,"180",0.05,"mismatch","self","4","[""white""]",0
"2","女",22,"右","都不是","match_RDK","1288","j",1,"180",0.22,"mismatch","self","1","[""white""]",0
"2","女",22,"右","都不是","match_RDK","1366","f",1,"0",0.16,"match","other","2","[""white""]",0
"2","女",22,"右","都不是","match_RDK","2370","j",1,"0",0.11,"mismatch","other","3","[""white""]",0
"2","女",22,"右","都不是","match_RDK","1142","j",1,"0",0.16,"mismatch","other","2","[""white""]",0
"2","女",22,"右","都不是","match_RDK","1214","f",1,"0",0.22,"match","other","1","[""white""]",0
"2","女",22,"右","都不是","match_RDK","1119","f",1,"180",0.16,"match","self","2","[""white""]",0
"2","女",22,"右","都不是","match_RDK","2052","j",1,"180",0.11,"mismatch","self","3","[""white""]",0
"2","女",22,"右","都不是","match_RDK","2821","f",0,"0",0.05,"mismatch","other","4","[""white""]",0
"2","女",22,"右","都不是","match_RDK","1639","j",1,"180",0.16,"mismatch","self","2","[""white""]",0
"2","女",22,"右","都不是","match_RDK","2888","j",1,"0",0.05,"mismatch","other","4","[""white""]",0
"2","女",22,"右","都不是","match_RDK","-1","",0,"0",0.16,"mismatch","other","2","[""white""]",0
"2","女",22,"右","都不是","match_RDK","2322","f",0,"180",0.05,"mismatch","self","4","[""white""]",0
"2","女",22,"右","都不是","match_RDK","1897","j",1,"180",0.22,"mismatch","self","1","[""white""]",0
"2","女",22,"右","都不是","match_RDK","2032","f",1,"180",0.11,"match","self","3","[""white""]",0
"2","女",22,"右","都不是","match_RDK","1218","f",1,"180",0.22,"match","self","1","[""white""]",0
"2","女",22,"右","都不是","match_RDK","2419","f",1,"0",0.05,"match","other","4","[""white""]",0
"2","女",22,"右","都不是","match_RDK","1589","f",1,"0",0.22,"match","other","1","[""white""]",0
"2","女",22,"右","都不是","match_RDK","1465","j",1,"180",0.11,"mismatch","self","3","[""white""]",0
"2","女",22,"右","都不是","match_RDK","1618","f",0,"0",0.11,"mismatch","other","3","[""white""]",0
"2","女",22,"右","都不是","match_RDK","1444","f",1,"0",0.11,"match","other","3","[""white""]",0
"2","女",22,"右","都不是","match_RDK","1310","f",1,"180",0.16,"match","self","2","[""white""]",0
"2","女",22,"右","都不是","match_RDK","1148","f",1,"180",0.05,"match","self","4","[""white""]",0
"2","女",22,"右","都不是","match_RDK","1377","j",1,"0",0.22,"mismatch","other","1","[""white""]",0
"2","女",22,"右","都不是","match_RDK","1821","f",1,"0",0.16,"match","other","2","[""white""]",0
"2","女",22,"右","都不是","match_RDK","1398","f",1,"180",0.05,"match","self","4","[""white""]",0
"2","女",22,"右","都不是","match_RDK","2323","j",1,"0",0.05,"mismatch","other","4","[""white""]",0
"2","女",22,"右","都不是","match_RDK","1914","f",1,"180",0.16,"match","self","2","[""white""]",0
"2","女",22,"右","都不是","match_RDK","2367","j",1,"180",0.05,"mismatch","self","4","[""white""]",0
"2","女",22,"右","都不是","match_RDK","1252","j",1,"180",0.22,"mismatch","self","1","[""white""]",0
"2","女",22,"右","都不是","match_RDK","1410","f",0,"180",0.16,"mismatch","self","2","[""white""]",0
"2","女",22,"右","都不是","match_RDK","1341","j",1,"180",0.11,"mismatch","self","3","[""white""]",0
"2","女",22,"右","都不是","match_RDK","1643","j",1,"0",0.16,"mismatch","other","2","[""white""]",0
"2","女",22,"右","都不是","match_RDK","1725","f",1,"0",0.11,"match","other","3","[""white""]",0
"2","女",22,"右","都不是","match_RDK","1197","f",1,"180",0.22,"match","self","1","[""white""]",0
"2","女",22,"右","都不是","match_RDK","1422","f",1,"0",0.16,"match","other","2","[""white""]",0
"2","女",22,"右","都不是","match_RDK","2136","f",1,"0",0.22,"match","other","1","[""white""]",0
"2","女",22,"右","都不是","match_RDK","1557","f",1,"180",0.11,"match","self","3","[""white""]",0
"2","女",22,"右","都不是","match_RDK","1114","j",1,"0",0.22,"mismatch","other","1","[""white""]",0
"2","女",22,"右","都不是","match_RDK","2385","f",1,"0",0.05,"match","other","4","[""white""]",0
"2","女",22,"右","都不是","match_RDK","1940","j",1,"0",0.11,"mismatch","other","3","[""white""]",0
"2","女",22,"右","都不是","match_RDK","1116","j",1,"0",0.22,"mismatch","other","1","[""white""]",0
"2","女",22,"右","都不是","match_RDK","1234","f",1,"180",0.22,"match","self","1","[""white""]",0
"2","女",22,"右","都不是","match_RDK","2100","j",1,"180",0.05,"mismatch","self","4","[""white""]",0
"2","女",22,"右","都不是","match_RDK","2180","j",1,"0",0.11,"mismatch","other","3","[""white""]",0
"2","女",22,"右","都不是","match_RDK","1582","f",0,"0",0.16,"mismatch","other","2","[""white""]",0
"2","女",22,"右","都不是","match_RDK","1378","j",1,"180",0.22,"mismatch","self","1","[""white""]",0
"2","女",22,"右","都不是","match_RDK","1854","f",1,"180",0.11,"match","self","3","[""white""]",0
"2","女",22,"右","都不是","match_RDK","2359","f",0,"0",0.05,"mismatch","other","4","[""white""]",0
"2","女",22,"右","都不是","match_RDK","2411","f",1,"180",0.05,"match","self","4","[""white""]",0
"2","女",22,"右","都不是","match_RDK","1133","f",1,"180",0.16,"match","self","2","[""white""]",0
"2","女",22,"右","都不是","match_RDK","1555","f",1,"0",0.22,"match","other","1","[""white""]",0
"2","女",22,"右","都不是","match_RDK","1960","f",1,"0",0.16,"match","other","2","[""white""]",0
"2","女",22,"右","都不是","match_RDK","1324","j",1,"180",0.16,"mismatch","self","2","[""white""]",0
"2","女",22,"右","都不是","match_RDK","1626","j",1,"180",0.11,"mismatch","self","3","[""white""]",0
"2","女",22,"右","都不是","match_RDK","2716","f",1,"0",0.11,"match","other","3","[""white""]",0
"2","女",22,"右","都不是","match_RDK","2818","f",1,"0",0.05,"match","other","4","[""white""]",0
"2","女",22,"右","都不是","match_RDK","1939","f",1,"0",0.11,"match","other","3","[""white""]",0
"2","女",22,"右","都不是","match_RDK","1625","j",1,"180",0.16,"mismatch","self","2","[""white""]",0
"2","女",22,"右","都不是","match_RDK","1723","f",1,"180",0.22,"match","self","1","[""white""]",0
"2","女",22,"右","都不是","match_RDK","1593","j",1,"180",0.22,"mismatch","self","1","[""white""]",0
"2","女",22,"右","都不是","match_RDK","1997","f",1,"0",0.05,"match","other","4","[""white""]",0
"2","女",22,"右","都不是","match_RDK","1249","f",1,"180",0.05,"match","self","4","[""white""]",0
"2","女",22,"右","都不是","match_RDK","2881","f",0,"180",0.05,"mismatch","self","4","[""white""]",0
"2","女",22,"右","都不是","match_RDK","1489","j",1,"0",0.16,"mismatch","other","2","[""white""]",0
"2","女",22,"右","都不是","match_RDK","2088","f",1,"0",0.22,"match","other","1","[""white""]",0
"2","女",22,"右","都不是","match_RDK","2135","j",1,"0",0.11,"mismatch","other","3","[""white""]",0
"2","女",22,"右","都不是","match_RDK","1700","j",1,"0",0.05,"mismatch","other","4","[""white""]",0
"2","女",22,"右","都不是","match_RDK","1123","j",1,"180",0.11,"mismatch","self","3","[""white""]",0
"2","女",22,"右","都不是","match_RDK","1627","f",1,"180",0.11,"match","self","3","[""white""]",0
"2","女",22,"右","都不是","match_RDK","1515","f",1,"180",0.16,"match","self","2","[""white""]",0
"2","女",22,"右","都不是","match_RDK","1123","j",1,"0",0.22,"mismatch","other","1","[""white""]",0
"2","女",22,"右","都不是","match_RDK","2041","f",1,"0",0.16,"match","other","2","[""white""]",0
"2","女",22,"右","都不是","match_RDK","2153","f",0,"180",0.05,"mismatch","self","4","[""white""]",0
"2","女",22,"右","都不是","match_RDK","1880","j",1,"180",0.11,"mismatch","self","3","[""white""]",0
"2","女",22,"右","都不是","match_RDK","1150","f",1,"180",0.22,"match","self","1","[""white""]",0
"2","女",22,"右","都不是","match_RDK","1940","f",1,"180",0.05,"match","self","4","[""white""]",0
"2","女",22,"右","都不是","match_RDK","1144","j",1,"0",0.16,"mismatch","other","2","[""white""]",0
"2","女",22,"右","都不是","match_RDK","1230","f",1,"180",0.16,"match","self","2","[""white""]",0
"2","女",22,"右","都不是","match_RDK","1759","f",1,"180",0.11,"match","self","3","[""white""]",0
"2","女",22,"右","都不是","match_RDK","1388","j",1,"0",0.11,"mismatch","other","3","[""white""]",0
"2","女",22,"右","都不是","match_RDK","1929","f",1,"0",0.16,"match","other","2","[""white""]",0
"2","女",22,"右","都不是","match_RDK","1292","f",0,"180",0.22,"mismatch","self","1","[""white""]",0
"2","女",22,"右","都不是","match_RDK","2254","j",1,"0",0.05,"mismatch","other","4","[""white""]",0
"2","女",22,"右","都不是","match_RDK","2341","f",1,"0",0.11,"match","other","3","[""white""]",0
"2","女",22,"右","都不是","match_RDK","1322","j",1,"180",0.16,"mismatch","self","2","[""white""]",0
"2","女",22,"右","都不是","match_RDK","1353","j",0,"0",0.22,"match","other","1","[""white""]",0
"2","女",22,"右","都不是","match_RDK","1619","j",1,"0",0.22,"mismatch","other","1","[""white""]",0
"2","女",22,"右","都不是","match_RDK","1735","f",1,"0",0.05,"match","other","4","[""white""]",0
"2","女",22,"右","都不是","match_RDK","2346","f",1,"180",0.05,"match","self","4","[""white""]",0
"2","女",22,"右","都不是","match_RDK","1314","f",1,"0",0.22,"match","other","1","[""white""]",0
"2","女",22,"右","都不是","match_RDK","975","f",1,"180",0.22,"match","self","1","[""white""]",0
"2","女",22,"右","都不是","match_RDK","2315","j",1,"180",0.11,"mismatch","self","3","[""white""]",0
"2","女",22,"右","都不是","match_RDK","1330","f",1,"0",0.16,"match","other","2","[""white""]",0
"2","女",22,"右","都不是","match_RDK","1807","j",1,"0",0.22,"mismatch","other","1","[""white""]",0
"2","女",22,"右","都不是","match_RDK","1674","j",1,"0",0.16,"mismatch","other","2","[""white""]",0
"2","女",22,"右","都不是","match_RDK","1482","f",1,"0",0.11,"match","other","3","[""white""]",0
"2","女",22,"右","都不是","match_RDK","1490","j",1,"180",0.22,"mismatch","self","1","[""white""]",0
"2","女",22,"右","都不是","match_RDK","1592","j",1,"0",0.11,"mismatch","other","3","[""white""]",0
"2","女",22,"右","都不是","match_RDK","1564","f",1,"180",0.16,"match","self","2","[""white""]",0
"2","女",22,"右","都不是","match_RDK","2544","j",1,"180",0.05,"mismatch","self","4","[""white""]",0
"2","女",22,"右","都不是","match_RDK","1390","f",1,"180",0.11,"match","self","3","[""white""]",0
"2","女",22,"右","都不是","match_RDK","1738","j",1,"0",0.05,"mismatch","other","4","[""white""]",0
"2","女",22,"右","都不是","match_RDK","1685","j",1,"180",0.16,"mismatch","self","2","[""white""]",0
"2","女",22,"右","都不是","match_RDK","2566","j",0,"0",0.05,"match","other","4","[""white""]",0
"2","女",22,"右","都不是","match_RDK","1826","j",1,"0",0.16,"mismatch","other","2","[""white""]",0
"2","女",22,"右","都不是","match_RDK","2173","j",1,"0",0.05,"mismatch","other","4","[""white""]",0
"2","女",22,"右","都不是","match_RDK","1688","j",1,"180",0.22,"mismatch","self","1","[""white""]",0
"2","女",22,"右","都不是","match_RDK","1671","j",1,"0",0.22,"mismatch","other","1","[""white""]",0
"2","女",22,"右","都不是","match_RDK","1417","f",1,"0",0.16,"match","other","2","[""white""]",0
"2","女",22,"右","都不是","match_RDK","1521","j",1,"180",0.05,"mismatch","self","4","[""white""]",0
"2","女",22,"右","都不是","match_RDK","1464","f",1,"0",0.22,"match","other","1","[""white""]",0
"2","女",22,"右","都不是","match_RDK","1440","j",1,"180",0.11,"mismatch","self","3","[""white""]",0
"2","女",22,"右","都不是","match_RDK","2937","f",1,"180",0.05,"match","self","4","[""white""]",0
"2","女",22,"右","都不是","match_RDK","1782","j",1,"0",0.11,"mismatch","other","3","[""white""]",0
"2","女",22,"右","都不是","match_RDK","1249","f",1,"180",0.22,"match","self","1","[""white""]",0
"2","女",22,"右","都不是","match_RDK","2948","f",1,"0",0.05,"match","other","4","[""white""]",0
"2","女",22,"右","都不是","match_RDK","1297","f",1,"180",0.11,"match","self","3","[""white""]",0
"2","女",22,"右","都不是","match_RDK","1360","f",1,"180",0.16,"match","self","2","[""white""]",0
"2","女",22,"右","都不是","match_RDK","1951","f",1,"0",0.11,"match","other","3","[""white""]",0
"2","女",22,"右","都不是","match_RDK","2531","j",1,"180",0.16,"mismatch","self","2","[""white""]",0
"2","女",22,"右","都不是","match_RDK","1727","f",1,"0",0.11,"match","other","3","[""white""]",0
"2","女",22,"右","都不是","match_RDK","1886","f",1,"180",0.16,"match","self","2","[""white""]",0
"2","女",22,"右","都不是","match_RDK","1302","f",1,"0",0.05,"match","other","4","[""white""]",0
"2","女",22,"右","都不是","match_RDK","1781","f",1,"0",0.22,"match","other","1","[""white""]",0
"2","女",22,"右","都不是","match_RDK","2302","f",0,"0",0.05,"mismatch","other","4","[""white""]",0
"2","女",22,"右","都不是","match_RDK","-1","",0,"180",0.05,"match","self","4","[""white""]",0
"2","女",22,"右","都不是","match_RDK","2608","j",1,"0",0.16,"mismatch","other","2","[""white""]",0
"2","女",22,"右","都不是","match_RDK","1626","f",1,"0",0.16,"match","other","2","[""white""]",0
"2","女",22,"右","都不是","match_RDK","1661","j",1,"0",0.11,"mismatch","other","3","[""white""]",0
"2","女",22,"右","都不是","match_RDK","1293","j",1,"180",0.22,"mismatch","self","1","[""white""]",0
"2","女",22,"右","都不是","match_RDK","1389","j",0,"180",0.22,"match","self","1","[""white""]",0
"2","女",22,"右","都不是","match_RDK","-1","",0,"180",0.11,"match","self","3","[""white""]",0
"2","女",22,"右","都不是","match_RDK","1411","j",1,"0",0.22,"mismatch","other","1","[""white""]",0
"2","女",22,"右","都不是","match_RDK","1264","j",1,"180",0.05,"mismatch","self","4","[""white""]",0
"2","女",22,"右","都不是","match_RDK","1502","j",1,"180",0.11,"mismatch","self","3","[""white""]",0
"2","女",22,"右","都不是","match_RDK","2004","j",1,"180",0.16,"mismatch","self","2","[""white""]",0
"2","女",22,"右","都不是","match_RDK","1199","f",1,"180",0.22,"match","self","1","[""white""]",0
"2","女",22,"右","都不是","match_RDK","1555","f",0,"180",0.22,"mismatch","self","1","[""white""]",0
"2","女",22,"右","都不是","match_RDK","1349","f",1,"180",0.16,"match","self","2","[""white""]",0
"2","女",22,"右","都不是","match_RDK","2467","j",0,"180",0.05,"match","self","4","[""white""]",0
"2","女",22,"右","都不是","match_RDK","1426","j",1,"0",0.22,"mismatch","other","1","[""white""]",0
"2","女",22,"右","都不是","match_RDK","1902","f",1,"0",0.05,"match","other","4","[""white""]",0
"2","女",22,"右","都不是","match_RDK","1620","j",1,"180",0.11,"mismatch","self","3","[""white""]",0
"2","女",22,"右","都不是","match_RDK","1606","j",1,"0",0.16,"mismatch","other","2","[""white""]",0
"2","女",22,"右","都不是","match_RDK","1720","j",1,"0",0.11,"mismatch","other","3","[""white""]",0
"2","女",22,"右","都不是","match_RDK","1511","j",1,"180",0.16,"mismatch","self","2","[""white""]",0
"2","女",22,"右","都不是","match_RDK","1838","f",1,"0",0.16,"match","other","2","[""white""]",0
"2","女",22,"右","都不是","match_RDK","1206","f",1,"180",0.11,"match","self","3","[""white""]",0
"2","女",22,"右","都不是","match_RDK","1897","j",1,"0",0.05,"mismatch","other","4","[""white""]",0
"2","女",22,"右","都不是","match_RDK","1664","j",1,"180",0.05,"mismatch","self","4","[""white""]",0
"2","女",22,"右","都不是","match_RDK","1617","f",1,"0",0.11,"match","other","3","[""white""]",0
"2","女",22,"右","都不是","match_RDK","1555","f",1,"0",0.22,"match","other","1","[""white""]",0
"2","女",22,"右","都不是","match_RDK","1255","f",1,"180",0.22,"match","self","1","[""white""]",0
"2","女",22,"右","都不是","match_RDK","1688","j",1,"0",0.22,"mismatch","other","1","[""white""]",0
"2","女",22,"右","都不是","match_RDK","1498","j",1,"180",0.22,"mismatch","self","1","[""white""]",0
"2","女",22,"右","都不是","match_RDK","1247","j",1,"180",0.11,"mismatch","self","3","[""white""]",0
"2","女",22,"右","都不是","match_RDK","1568","j",1,"0",0.11,"mismatch","other","3","[""white""]",0
"2","女",22,"右","都不是","match_RDK","1202","f",0,"0",0.05,"mismatch","other","4","[""white""]",0
"2","女",22,"右","都不是","match_RDK","1080","f",1,"180",0.16,"match","self","2","[""white""]",0
"2","女",22,"右","都不是","match_RDK","1198","f",1,"0",0.16,"match","other","2","[""white""]",0
"2","女",22,"右","都不是","match_RDK","834","f",1,"180",0.11,"match","self","3","[""white""]",0
"2","女",22,"右","都不是","match_RDK","1347","f",1,"0",0.22,"match","other","1","[""white""]",0
"2","女",22,"右","都不是","match_RDK","1809","j",1,"0",0.16,"mismatch","other","2","[""white""]",0
"2","女",22,"右","都不是","match_RDK","1771","f",1,"0",0.05,"match","other","4","[""white""]",0
"2","女",22,"右","都不是","match_RDK","1080","j",1,"180",0.16,"mismatch","self","2","[""white""]",0
"2","女",22,"右","都不是","match_RDK","2015","j",1,"180",0.05,"mismatch","self","4","[""white""]",0
"2","女",22,"右","都不是","match_RDK","1169","f",1,"180",0.05,"match","self","4","[""white""]",0
"2","女",22,"右","都不是","match_RDK","1254","f",1,"0",0.11,"match","other","3","[""white""]",0
"2","女",22,"右","都不是","match_RDK","2326","j",1,"0",0.11,"mismatch","other","3","[""white""]",0
"2","女",22,"右","都不是","match_RDK","1100","j",1,"180",0.22,"mismatch","self","1","[""white""]",0
"2","女",22,"右","都不是","match_RDK","1539","f",1,"0",0.22,"match","other","1","[""white""]",0
"2","女",22,"右","都不是","match_RDK","1945","f",1,"0",0.16,"match","other","2","[""white""]",0
"2","女",22,"右","都不是","match_RDK","1725","j",1,"0",0.22,"mismatch","other","1","[""white""]",0
"2","女",22,"右","都不是","match_RDK","1292","j",1,"180",0.11,"mismatch","self","3","[""white""]",0
"2","女",22,"右","都不是","match_RDK","1212","j",1,"0",0.16,"mismatch","other","2","[""white""]",0
"2","女",22,"右","都不是","match_RDK","-1","",0,"180",0.05,"match","self","4","[""white""]",0
"2","女",22,"右","都不是","match_RDK","1575","f",1,"0",0.11,"match","other","3","[""white""]",0
"2","女",22,"右","都不是","match_RDK","2941","f",0,"0",0.05,"mismatch","other","4","[""white""]",0
"2","女",22,"右","都不是","match_RDK","1131","f",1,"180",0.22,"match","self","1","[""white""]",0
"2","女",22,"右","都不是","match_RDK","1312","f",1,"180",0.11,"match","self","3","[""white""]",0
"2","女",22,"右","都不是","match_RDK","1198","f",1,"180",0.16,"match","self","2","[""white""]",0
"2","女",22,"右","都不是","match_RDK","1234","j",1,"180",0.05,"mismatch","self","4","[""white""]",0
"2","女",22,"右","都不是","match_RDK","1235","j",1,"180",0.16,"mismatch","self","2","[""white""]",0
"2","女",22,"右","都不是","match_RDK","1908","f",1,"0",0.05,"match","other","4","[""white""]",0
"2","女",22,"右","都不是","RDK","749","arrowleft",1,"180",0.22,"","self","1","[""white""]",0
"2","女",22,"右","都不是","RDK","1071","arrowleft",0,"0",0.05,"","other","4","[""white""]",0
"2","女",22,"右","都不是","RDK","809","arrowleft",1,"180",0.16,"","self","2","[""white""]",0
"2","女",22,"右","都不是","RDK","890","arrowright",1,"0",0.11,"","other","3","[""white""]",0
"2","女",22,"右","都不是","RDK","601","arrowleft",1,"180",0.11,"","self","3","[""white""]",0
"2","女",22,"右","都不是","RDK","852","arrowleft",1,"180",0.05,"","self","4","[""white""]",0
"2","女",22,"右","都不是","RDK","645","arrowright",1,"0",0.22,"","other","1","[""white""]",0
"2","女",22,"右","都不是","RDK","654","arrowleft",0,"0",0.16,"","other","2","[""white""]",0
"2","女",22,"右","都不是","RDK","503","arrowleft",1,"180",0.16,"","self","2","[""white""]",0
"2","女",22,"右","都不是","RDK","948","arrowleft",1,"180",0.11,"","self","3","[""white""]",0
"2","女",22,"右","都不是","RDK","914","arrowleft",1,"180",0.22,"","self","1","[""white""]",0
"2","女",22,"右","都不是","RDK","705","arrowright",1,"0",0.22,"","other","1","[""white""]",0
"2","女",22,"右","都不是","RDK","792","arrowleft",0,"0",0.11,"","other","3","[""white""]",0
"2","女",22,"右","都不是","RDK","588","arrowleft",1,"180",0.05,"","self","4","[""white""]",0
"2","女",22,"右","都不是","RDK","1143","arrowleft",0,"0",0.05,"","other","4","[""white""]",0
"2","女",22,"右","都不是","RDK","800","arrowright",1,"0",0.16,"","other","2","[""white""]",0
"2","女",22,"右","都不是","RDK","765","arrowleft",1,"180",0.16,"","self","2","[""white""]",0
"2","女",22,"右","都不是","RDK","867","arrowright",0,"180",0.05,"","self","4","[""white""]",0
"2","女",22,"右","都不是","RDK","772","arrowleft",1,"180",0.22,"","self","1","[""white""]",0
"2","女",22,"右","都不是","RDK","1033","arrowright",1,"0",0.05,"","other","4","[""white""]",0
"2","女",22,"右","都不是","RDK","1107","arrowright",1,"0",0.11,"","other","3","[""white""]",0
"2","女",22,"右","都不是","RDK","553","arrowleft",1,"180",0.11,"","self","3","[""white""]",0
"2","女",22,"右","都不是","RDK","598","arrowright",1,"0",0.22,"","other","1","[""white""]",0
"2","女",22,"右","都不是","RDK","943","arrowright",1,"0",0.16,"","other","2","[""white""]",0
"2","女",22,"右","都不是","RDK","1023","arrowleft",1,"180",0.05,"","self","4","[""white""]",0
"2","女",22,"右","都不是","RDK","745","arrowleft",1,"180",0.11,"","self","3","[""white""]",0
"2","女",22,"右","都不是","RDK","509","arrowleft",0,"0",0.22,"","other","1","[""white""]",0
"2","女",22,"右","都不是","RDK","635","arrowright",1,"0",0.05,"","other","4","[""white""]",0
"2","女",22,"右","都不是","RDK","549","arrowleft",1,"180",0.22,"","self","1","[""white""]",0
"2","女",22,"右","都不是","RDK","691","arrowright",1,"0",0.11,"","other","3","[""white""]",0
"2","女",22,"右","都不是","RDK","505","arrowright",1,"0",0.16,"","other","2","[""white""]",0
"2","女",22,"右","都不是","RDK","938","arrowright",0,"180",0.16,"","self","2","[""white""]",0
"2","女",22,"右","都不是","RDK","616","arrowright",1,"0",0.22,"","other","1","[""white""]",0
"2","女",22,"右","都不是","RDK","944","arrowright",1,"0",0.05,"","other","4","[""white""]",0
"2","女",22,"右","都不是","RDK","733","arrowright",1,"0",0.16,"","other","2","[""white""]",0
"2","女",22,"右","都不是","RDK","659","arrowleft",1,"180",0.16,"","self","2","[""white""]",0
"2","女",22,"右","都不是","RDK","668","arrowright",1,"0",0.11,"","other","3","[""white""]",0
"2","女",22,"右","都不是","RDK","1172","arrowleft",1,"180",0.11,"","self","3","[""white""]",0
"2","女",22,"右","都不是","RDK","967","arrowleft",1,"180",0.22,"","self","1","[""white""]",0
"2","女",22,"右","都不是","RDK","1204","arrowleft",1,"180",0.05,"","self","4","[""white""]",0
"2","女",22,"右","都不是","RDK","600","arrowright",1,"0",0.22,"","other","1","[""white""]",0
"2","女",22,"右","都不是","RDK","722","arrowleft",1,"180",0.11,"","self","3","[""white""]",0
"2","女",22,"右","都不是","RDK","857","arrowright",0,"180",0.05,"","self","4","[""white""]",0
"2","女",22,"右","都不是","RDK","744","arrowleft",1,"180",0.22,"","self","1","[""white""]",0
"2","女",22,"右","都不是","RDK","766","arrowright",1,"0",0.05,"","other","4","[""white""]",0
"2","女",22,"右","都不是","RDK","947","arrowleft",0,"0",0.16,"","other","2","[""white""]",0
"2","女",22,"右","都不是","RDK","624","arrowleft",1,"180",0.16,"","self","2","[""white""]",0
"2","女",22,"右","都不是","RDK","1019","arrowleft",0,"0",0.11,"","other","3","[""white""]",0
"2","女",22,"右","都不是","RDK","984","arrowright",1,"0",0.16,"","other","2","[""white""]",0
"2","女",22,"右","都不是","RDK","867","arrowleft",1,"180",0.16,"","self","2","[""white""]",0
"2","女",22,"右","都不是","RDK","995","arrowright",1,"0",0.05,"","other","4","[""white""]",0
"2","女",22,"右","都不是","RDK","671","arrowleft",1,"180",0.22,"","self","1","[""white""]",0
"2","女",22,"右","都不是","RDK","870","arrowright",1,"0",0.11,"","other","3","[""white""]",0
"2","女",22,"右","都不是","RDK","998","arrowright",1,"0",0.22,"","other","1","[""white""]",0
"2","女",22,"右","都不是","RDK","1233","arrowleft",1,"180",0.11,"","self","3","[""white""]",0
"2","女",22,"右","都不是","RDK","1061","arrowright",0,"180",0.05,"","self","4","[""white""]",0
"2","女",22,"右","都不是","RDK","622","arrowleft",1,"180",0.11,"","self","3","[""white""]",0
"2","女",22,"右","都不是","RDK","1047","arrowright",1,"0",0.22,"","other","1","[""white""]",0
"2","女",22,"右","都不是","RDK","671","arrowleft",1,"180",0.16,"","self","2","[""white""]",0
"2","女",22,"右","都不是","RDK","631","arrowright",1,"0",0.11,"","other","3","[""white""]",0
"2","女",22,"右","都不是","RDK","545","arrowleft",0,"0",0.05,"","other","4","[""white""]",0
"2","女",22,"右","都不是","RDK","847","arrowleft",1,"180",0.05,"","self","4","[""white""]",0
"2","女",22,"右","都不是","RDK","864","arrowright",1,"0",0.16,"","other","2","[""white""]",0
"2","女",22,"右","都不是","RDK","704","arrowleft",1,"180",0.22,"","self","1","[""white""]",0
"2","女",22,"右","都不是","RDK","681","arrowleft",1,"180",0.16,"","self","2","[""white""]",0
"2","女",22,"右","都不是","RDK","832","arrowright",1,"0",0.05,"","other","4","[""white""]",0
"2","女",22,"右","都不是","RDK","609","arrowleft",1,"180",0.11,"","self","3","[""white""]",0
"2","女",22,"右","都不是","RDK","636","arrowright",1,"0",0.11,"","other","3","[""white""]",0
"2","女",22,"右","都不是","RDK","1061","arrowleft",1,"180",0.05,"","self","4","[""white""]",0
"2","女",22,"右","都不是","RDK","960","arrowright",1,"0",0.16,"","other","2","[""white""]",0
"2","女",22,"右","都不是","RDK","649","arrowleft",1,"180",0.22,"","self","1","[""white""]",0
"2","女",22,"右","都不是","RDK","932","arrowright",1,"0",0.22,"","other","1","[""white""]",0
"2","女",22,"右","都不是","RDK","1346","arrowleft",1,"180",0.11,"","self","3","[""white""]",0
"2","女",22,"右","都不是","RDK","848","arrowright",1,"0",0.16,"","other","2","[""white""]",0
"2","女",22,"右","都不是","RDK","639","arrowleft",1,"180",0.05,"","self","4","[""white""]",0
"2","女",22,"右","都不是","RDK","1033","arrowleft",0,"0",0.11,"","other","3","[""white""]",0
"2","女",22,"右","都不是","RDK","674","arrowleft",1,"180",0.22,"","self","1","[""white""]",0
"2","女",22,"右","都不是","RDK","634","arrowright",1,"0",0.22,"","other","1","[""white""]",0
"2","女",22,"右","都不是","RDK","1094","arrowright",1,"0",0.05,"","other","4","[""white""]",0
"2","女",22,"右","都不是","RDK","572","arrowleft",1,"180",0.16,"","self","2","[""white""]",0
"2","女",22,"右","都不是","RDK","518","arrowleft",0,"0",0.11,"","other","3","[""white""]",0
"2","女",22,"右","都不是","RDK","838","arrowright",0,"180",0.11,"","self","3","[""white""]",0
"2","女",22,"右","都不是","RDK","615","arrowleft",1,"180",0.05,"","self","4","[""white""]",0
"2","女",22,"右","都不是","RDK","594","arrowleft",1,"180",0.22,"","self","1","[""white""]",0
"2","女",22,"右","都不是","RDK","892","arrowright",1,"0",0.22,"","other","1","[""white""]",0
"2","女",22,"右","都不是","RDK","587","arrowleft",1,"180",0.16,"","self","2","[""white""]",0
"2","女",22,"右","都不是","RDK","631","arrowleft",0,"0",0.05,"","other","4","[""white""]",0
"2","女",22,"右","都不是","RDK","1025","arrowright",1,"0",0.16,"","other","2","[""white""]",0
"2","女",22,"右","都不是","RDK","1165","arrowright",1,"0",0.11,"","other","3","[""white""]",0
"2","女",22,"右","都不是","RDK","960","arrowright",1,"0",0.05,"","other","4","[""white""]",0
"2","女",22,"右","都不是","RDK","604","arrowleft",1,"180",0.22,"","self","1","[""white""]",0
"2","女",22,"右","都不是","RDK","1175","arrowright",0,"180",0.11,"","self","3","[""white""]",0
"2","女",22,"右","都不是","RDK","587","arrowleft",1,"180",0.05,"","self","4","[""white""]",0
"2","女",22,"右","都不是","RDK","648","arrowright",1,"0",0.16,"","other","2","[""white""]",0
"2","女",22,"右","都不是","RDK","656","arrowleft",1,"180",0.16,"","self","2","[""white""]",0
"2","女",22,"右","都不是","RDK","713","arrowright",1,"0",0.22,"","other","1","[""white""]",0
"2","女",22,"右","都不是","RDK","779","arrowleft",1,"180",0.11,"","self","3","[""white""]",0
"2","女",22,"右","都不是","RDK","638","arrowright",0,"180",0.16,"","self","2","[""white""]",0
"2","女",22,"右","都不是","RDK","903","arrowleft",0,"0",0.05,"","other","4","[""white""]",0
"2","女",22,"右","都不是","RDK","596","arrowright",1,"0",0.22,"","other","1","[""white""]",0
"2","女",22,"右","都不是","RDK","865","arrowright",1,"0",0.16,"","other","2","[""white""]",0
"2","女",22,"右","都不是","RDK","625","arrowright",1,"0",0.11,"","other","3","[""white""]",0
"2","女",22,"右","都不是","RDK","619","arrowleft",1,"180",0.22,"","self","1","[""white""]",0
"2","女",22,"右","都不是","RDK","678","arrowright",0,"180",0.05,"","self","4","[""white""]",0
"2","女",22,"右","都不是","RDK","637","arrowleft",1,"180",0.22,"","self","1","[""white""]",0
"2","女",22,"右","都不是","RDK","615","arrowright",1,"0",0.22,"","other","1","[""white""]",0
"2","女",22,"右","都不是","RDK","578","arrowleft",1,"180",0.05,"","self","4","[""white""]",0
"2","女",22,"右","都不是","RDK","638","arrowright",1,"0",0.16,"","other","2","[""white""]",0
"2","女",22,"右","都不是","RDK","614","arrowleft",1,"180",0.16,"","self","2","[""white""]",0
"2","女",22,"右","都不是","RDK","658","arrowright",1,"0",0.11,"","other","3","[""white""]",0
"2","女",22,"右","都不是","RDK","1065","arrowright",1,"0",0.05,"","other","4","[""white""]",0
"2","女",22,"右","都不是","RDK","611","arrowleft",1,"180",0.11,"","self","3","[""white""]",0
"2","女",22,"右","都不是","RDK","925","arrowleft",1,"180",0.05,"","self","4","[""white""]",0
"2","女",22,"右","都不是","RDK","940","arrowright",1,"0",0.16,"","other","2","[""white""]",0
"2","女",22,"右","都不是","RDK","984","arrowleft",1,"180",0.11,"","self","3","[""white""]",0
"2","女",22,"右","都不是","RDK","1139","arrowright",1,"0",0.05,"","other","4","[""white""]",0
"2","女",22,"右","都不是","RDK","953","arrowleft",0,"0",0.11,"","other","3","[""white""]",0
"2","女",22,"右","都不是","RDK","919","arrowleft",1,"180",0.16,"","self","2","[""white""]",0
"2","女",22,"右","都不是","RDK","789","arrowright",1,"0",0.22,"","other","1","[""white""]",0
"2","女",22,"右","都不是","RDK","697","arrowleft",1,"180",0.22,"","self","1","[""white""]",0
"2","女",22,"右","都不是","RDK","1151","arrowright",1,"0",0.05,"","other","4","[""white""]",0
"2","女",22,"右","都不是","RDK","693","arrowleft",1,"180",0.22,"","self","1","[""white""]",0
"2","女",22,"右","都不是","RDK","1019","arrowright",0,"180",0.05,"","self","4","[""white""]",0
"2","女",22,"右","都不是","RDK","566","arrowright",1,"0",0.16,"","other","2","[""white""]",0
"2","女",22,"右","都不是","RDK","673","arrowright",1,"0",0.22,"","other","1","[""white""]",0
"2","女",22,"右","都不是","RDK","666","arrowleft",1,"180",0.11,"","self","3","[""white""]",0
"2","女",22,"右","都不是","RDK","644","arrowright",1,"0",0.11,"","other","3","[""white""]",0
"2","女",22,"右","都不是","RDK","667","arrowleft",1,"180",0.16,"","self","2","[""white""]",0
"2","女",22,"右","都不是","RDK","1267","arrowright",1,"0",0.11,"","other","3","[""white""]",0
"2","女",22,"右","都不是","RDK","772","arrowleft",1,"180",0.11,"","self","3","[""white""]",0
"2","女",22,"右","都不是","RDK","807","arrowright",1,"0",0.16,"","other","2","[""white""]",0
"2","女",22,"右","都不是","RDK","521","arrowleft",1,"180",0.16,"","self","2","[""white""]",0
"2","女",22,"右","都不是","RDK","759","arrowright",1,"0",0.05,"","other","4","[""white""]",0
"2","女",22,"右","都不是","RDK","924","arrowright",1,"0",0.22,"","other","1","[""white""]",0
"2","女",22,"右","都不是","RDK","572","arrowleft",1,"180",0.22,"","self","1","[""white""]",0
"2","女",22,"右","都不是","RDK","581","arrowright",0,"180",0.05,"","self","4","[""white""]",0
"2","女",22,"右","都不是","RDK","626","arrowleft",1,"180",0.22,"","self","1","[""white""]",0
"2","女",22,"右","都不是","RDK","619","arrowleft",1,"180",0.05,"","self","4","[""white""]",0
"2","女",22,"右","都不是","RDK","950","arrowleft",1,"180",0.16,"","self","2","[""white""]",0
"2","女",22,"右","都不是","RDK","531","arrowright",1,"0",0.11,"","other","3","[""white""]",0
"2","女",22,"右","都不是","RDK","656","arrowright",1,"0",0.16,"","other","2","[""white""]",0
"2","女",22,"右","都不是","RDK","554","arrowright",1,"0",0.22,"","other","1","[""white""]",0
"2","女",22,"右","都不是","RDK","853","arrowleft",1,"180",0.11,"","self","3","[""white""]",0
"2","女",22,"右","都不是","RDK","614","arrowright",1,"0",0.05,"","other","4","[""white""]",0
"2","女",22,"右","都不是","RDK","546","arrowright",1,"0",0.22,"","other","1","[""white""]",0
"2","女",22,"右","都不是","RDK","510","arrowright",1,"0",0.11,"","other","3","[""white""]",0
"2","女",22,"右","都不是","RDK","701","arrowleft",1,"180",0.16,"","self","2","[""white""]",0
"2","女",22,"右","都不是","RDK","803","arrowleft",1,"180",0.22,"","self","1","[""white""]",0
"2","女",22,"右","都不是","RDK","1014","arrowright",0,"180",0.05,"","self","4","[""white""]",0
"2","女",22,"右","都不是","RDK","547","arrowright",1,"0",0.16,"","other","2","[""white""]",0
"2","女",22,"右","都不是","RDK","927","arrowleft",0,"0",0.05,"","other","4","[""white""]",0
"2","女",22,"右","都不是","RDK","798","arrowleft",1,"180",0.11,"","self","3","[""white""]",0
"2","女",22,"右","都不是","RDK","783","arrowleft",1,"180",0.16,"","self","2","[""white""]",0
"2","女",22,"右","都不是","RDK","658","arrowright",1,"0",0.11,"","other","3","[""white""]",0
"2","女",22,"右","都不是","RDK","588","arrowleft",1,"180",0.11,"","self","3","[""white""]",0
"2","女",22,"右","都不是","RDK","871","arrowright",1,"0",0.22,"","other","1","[""white""]",0
"2","女",22,"右","都不是","RDK","535","arrowright",1,"0",0.16,"","other","2","[""white""]",0
"2","女",22,"右","都不是","RDK","583","arrowleft",1,"180",0.05,"","self","4","[""white""]",0
"2","女",22,"右","都不是","RDK","625","arrowleft",1,"180",0.22,"","self","1","[""white""]",0
"2","女",22,"右","都不是","RDK","538","arrowright",1,"0",0.05,"","other","4","[""white""]",0
"2","女",22,"右","都不是","RDK","519","arrowright",1,"0",0.05,"","other","4","[""white""]",0
"2","女",22,"右","都不是","RDK","549","arrowleft",1,"180",0.22,"","self","1","[""white""]",0
"2","女",22,"右","都不是","RDK","547","arrowleft",1,"180",0.11,"","self","3","[""white""]",0
"2","女",22,"右","都不是","RDK","912","arrowleft",1,"180",0.16,"","self","2","[""white""]",0
"2","女",22,"右","都不是","RDK","671","arrowright",0,"180",0.05,"","self","4","[""white""]",0
"2","女",22,"右","都不是","RDK","552","arrowleft",0,"0",0.11,"","other","3","[""white""]",0
"2","女",22,"右","都不是","RDK","724","arrowleft",0,"0",0.22,"","other","1","[""white""]",0
"2","女",22,"右","都不是","RDK","745","arrowright",1,"0",0.16,"","other","2","[""white""]",0
"2","女",22,"右","都不是","RDK","1182","arrowright",1,"0",0.11,"","other","3","[""white""]",0
"2","女",22,"右","都不是","RDK","1108","arrowleft",1,"180",0.05,"","self","4","[""white""]",0
"2","女",22,"右","都不是","RDK","554","arrowleft",1,"180",0.16,"","self","2","[""white""]",0
"2","女",22,"右","都不是","RDK","631","arrowleft",1,"180",0.22,"","self","1","[""white""]",0
"2","女",22,"右","都不是","RDK","624","arrowright",1,"0",0.16,"","other","2","[""white""]",0
"2","女",22,"右","都不是","RDK","1018","arrowleft",1,"180",0.11,"","self","3","[""white""]",0
"2","女",22,"右","都不是","RDK","853","arrowright",1,"0",0.05,"","other","4","[""white""]",0
"2","女",22,"右","都不是","RDK","581","arrowleft",0,"0",0.22,"","other","1","[""white""]",0
"2","女",22,"右","都不是","RDK","928","arrowright",1,"0",0.16,"","other","2","[""white""]",0
"2","女",22,"右","都不是","RDK","702","arrowright",1,"0",0.22,"","other","1","[""white""]",0
"2","女",22,"右","都不是","RDK","884","arrowleft",1,"180",0.22,"","self","1","[""white""]",0
"2","女",22,"右","都不是","RDK","532","arrowleft",1,"180",0.16,"","self","2","[""white""]",0
"2","女",22,"右","都不是","RDK","626","arrowleft",1,"180",0.11,"","self","3","[""white""]",0
"2","女",22,"右","都不是","RDK","1084","arrowright",1,"0",0.05,"","other","4","[""white""]",0
"2","女",22,"右","都不是","RDK","1012","arrowright",1,"0",0.11,"","other","3","[""white""]",0
"2","女",22,"右","都不是","RDK","718","arrowleft",1,"180",0.05,"","self","4","[""white""]",0
"2","女",22,"右","都不是","RDK","531","arrowleft",0,"0",0.16,"","other","2","[""white""]",0
"2","女",22,"右","都不是","RDK","1123","arrowright",1,"0",0.22,"","other","1","[""white""]",0
"2","女",22,"右","都不是","RDK","617","arrowleft",0,"0",0.05,"","other","4","[""white""]",0
"2","女",22,"右","都不是","RDK","1139","arrowright",0,"180",0.05,"","self","4","[""white""]",0
"2","女",22,"右","都不是","RDK","969","arrowleft",1,"180",0.11,"","self","3","[""white""]",0
"2","女",22,"右","都不是","RDK","645","arrowleft",1,"180",0.16,"","self","2","[""white""]",0
"2","女",22,"右","都不是","RDK","1469","arrowleft",0,"0",0.11,"","other","3","[""white""]",0
"2","女",22,"右","都不是","RDK","1079","arrowleft",1,"180",0.22,"","self","1","[""white""]",0
