"Participant_ID","Sex","Age","Handedness","Color_blindness","part","rt","response","correct","coherent_direction","match","association","difficulty","dot_color_after"
23,"男",23,"右","都不是","match_RDK","-1","",0,0,"yes","other","","[""hsla(0, 50%, 50%, 70%)"",""hsla(225, 50%, 50%, 70%)""]"
23,"男",23,"右","都不是","match_RDK","2362","j",1,0,"no","other","","[""hsla(225, 50%, 50%, 70%)"",""hsla(0, 50%, 50%, 70%)""]"
23,"男",23,"右","都不是","match_RDK","1195","j",1,0,"no","self","","[""hsla(0, 50%, 50%, 70%)"",""hsla(225, 50%, 50%, 70%)""]"
23,"男",23,"右","都不是","match_RDK","1642","f",1,0,"yes","self","","[""hsla(0, 50%, 50%, 70%)"",""hsla(225, 50%, 50%, 70%)""]"
23,"男",23,"右","都不是","match_RDK","1399","j",1,0,"no","self","","[""hsla(0, 50%, 50%, 70%)"",""hsla(225, 50%, 50%, 70%)""]"
23,"男",23,"右","都不是","match_RDK","1424","j",1,0,"no","other","","[""hsla(225, 50%, 50%, 70%)"",""hsla(0, 50%, 50%, 70%)""]"
23,"男",23,"右","都不是","match_RDK","2404","f",1,0,"yes","other","","[""hsla(0, 50%, 50%, 70%)"",""hsla(225, 50%, 50%, 70%)""]"
23,"男",23,"右","都不是","match_RDK","1602","f",1,0,"yes","self","","[""hsla(0, 50%, 50%, 70%)"",""hsla(225, 50%, 50%, 70%)""]"
23,"男",23,"右","都不是","match_RDK","1853","f",1,0,"yes","other","","[""hsla(0, 50%, 50%, 70%)"",""hsla(225, 50%, 50%, 70%)""]"
23,"男",23,"右","都不是","match_RDK","1430","j",1,0,"no","other","","[""hsla(225, 50%, 50%, 70%)"",""hsla(0, 50%, 50%, 70%)""]"
23,"男",23,"右","都不是","match_RDK","1147","f",1,0,"yes","self","","[""hsla(0, 50%, 50%, 70%)"",""hsla(225, 50%, 50%, 70%)""]"
23,"男",23,"右","都不是","match_RDK","1420","j",1,0,"no","self","","[""hsla(0, 50%, 50%, 70%)"",""hsla(225, 50%, 50%, 70%)""]"
23,"男",23,"右","都不是","match_RDK","1907","j",0,0,"yes","other","","[""hsla(0, 50%, 50%, 70%)"",""hsla(225, 50%, 50%, 70%)""]"
23,"男",23,"右","都不是","match_RDK","1509","j",1,0,"no","other","","[""hsla(225, 50%, 50%, 70%)"",""hsla(0, 50%, 50%, 70%)""]"
23,"男",23,"右","都不是","match_RDK","1303","j",1,0,"no","self","","[""hsla(0, 50%, 50%, 70%)"",""hsla(225, 50%, 50%, 70%)""]"
23,"男",23,"右","都不是","match_RDK","1395","f",1,0,"yes","self","","[""hsla(0, 50%, 50%, 70%)"",""hsla(225, 50%, 50%, 70%)""]"
23,"男",23,"右","都不是","match_RDK","1593","j",1,0,"no","other","","[""hsla(225, 50%, 50%, 70%)"",""hsla(0, 50%, 50%, 70%)""]"
23,"男",23,"右","都不是","match_RDK","1656","f",1,0,"yes","other","","[""hsla(0, 50%, 50%, 70%)"",""hsla(225, 50%, 50%, 70%)""]"
23,"男",23,"右","都不是","match_RDK","1604","f",1,0,"yes","self","","[""hsla(0, 50%, 50%, 70%)"",""hsla(225, 50%, 50%, 70%)""]"
23,"男",23,"右","都不是","match_RDK","1667","j",1,0,"no","self","","[""hsla(0, 50%, 50%, 70%)"",""hsla(225, 50%, 50%, 70%)""]"
23,"男",23,"右","都不是","match_RDK","1666","j",1,0,"no","self","","[""hsla(0, 50%, 50%, 70%)"",""hsla(225, 50%, 50%, 70%)""]"
23,"男",23,"右","都不是","match_RDK","1580","f",1,0,"yes","self","","[""hsla(0, 50%, 50%, 70%)"",""hsla(225, 50%, 50%, 70%)""]"
23,"男",23,"右","都不是","match_RDK","2252","j",1,0,"no","other","","[""hsla(225, 50%, 50%, 70%)"",""hsla(0, 50%, 50%, 70%)""]"
23,"男",23,"右","都不是","match_RDK","1377","f",1,0,"yes","other","","[""hsla(0, 50%, 50%, 70%)"",""hsla(225, 50%, 50%, 70%)""]"
23,"男",23,"右","都不是","match_RDK","1640","j",1,0,"no","self","","[""hsla(0, 50%, 50%, 70%)"",""hsla(225, 50%, 50%, 70%)""]"
23,"男",23,"右","都不是","match_RDK","1238","f",1,0,"yes","other","","[""hsla(0, 50%, 50%, 70%)"",""hsla(225, 50%, 50%, 70%)""]"
23,"男",23,"右","都不是","match_RDK","1507","j",1,0,"no","other","","[""hsla(225, 50%, 50%, 70%)"",""hsla(0, 50%, 50%, 70%)""]"
23,"男",23,"右","都不是","match_RDK","1583","j",0,0,"yes","self","","[""hsla(0, 50%, 50%, 70%)"",""hsla(225, 50%, 50%, 70%)""]"
23,"男",23,"右","都不是","match_RDK","1717","f",1,0,"yes","other","","[""hsla(0, 50%, 50%, 70%)"",""hsla(225, 50%, 50%, 70%)""]"
23,"男",23,"右","都不是","match_RDK","1487","f",1,0,"yes","self","","[""hsla(0, 50%, 50%, 70%)"",""hsla(225, 50%, 50%, 70%)""]"
23,"男",23,"右","都不是","match_RDK","1551","j",1,0,"no","self","","[""hsla(0, 50%, 50%, 70%)"",""hsla(225, 50%, 50%, 70%)""]"
23,"男",23,"右","都不是","match_RDK","1269","j",1,0,"no","other","","[""hsla(225, 50%, 50%, 70%)"",""hsla(0, 50%, 50%, 70%)""]"
23,"男",23,"右","都不是","match_RDK","2924","j",1,0,"no","self","","[""hsla(0, 50%, 50%, 70%)"",""hsla(225, 50%, 50%, 70%)""]"
23,"男",23,"右","都不是","match_RDK","1428","f",1,0,"yes","self","","[""hsla(0, 50%, 50%, 70%)"",""hsla(225, 50%, 50%, 70%)""]"
23,"男",23,"右","都不是","match_RDK","1133","f",1,0,"yes","other","","[""hsla(0, 50%, 50%, 70%)"",""hsla(225, 50%, 50%, 70%)""]"
23,"男",23,"右","都不是","match_RDK","2143","j",1,0,"no","other","","[""hsla(225, 50%, 50%, 70%)"",""hsla(0, 50%, 50%, 70%)""]"
23,"男",23,"右","都不是","match_RDK","-1","",0,0,"yes","other","","[""hsla(0, 50%, 50%, 70%)"",""hsla(225, 50%, 50%, 70%)""]"
23,"男",23,"右","都不是","match_RDK","863","f",1,0,"yes","self","","[""hsla(0, 50%, 50%, 70%)"",""hsla(225, 50%, 50%, 70%)""]"
23,"男",23,"右","都不是","match_RDK","1467","j",1,0,"no","other","","[""hsla(225, 50%, 50%, 70%)"",""hsla(0, 50%, 50%, 70%)""]"
23,"男",23,"右","都不是","match_RDK","1790","j",1,0,"no","self","","[""hsla(0, 50%, 50%, 70%)"",""hsla(225, 50%, 50%, 70%)""]"
23,"男",23,"右","都不是","match_RDK","1646","j",1,0,"no","other","","[""hsla(225, 50%, 50%, 70%)"",""hsla(0, 50%, 50%, 70%)""]"
23,"男",23,"右","都不是","match_RDK","987","f",1,0,"yes","self","","[""hsla(0, 50%, 50%, 70%)"",""hsla(225, 50%, 50%, 70%)""]"
23,"男",23,"右","都不是","match_RDK","2291","j",1,0,"no","self","","[""hsla(0, 50%, 50%, 70%)"",""hsla(225, 50%, 50%, 70%)""]"
23,"男",23,"右","都不是","match_RDK","1077","f",1,0,"yes","other","","[""hsla(0, 50%, 50%, 70%)"",""hsla(225, 50%, 50%, 70%)""]"
23,"男",23,"右","都不是","match_RDK","914","f",1,0,"yes","self","","[""hsla(0, 50%, 50%, 70%)"",""hsla(225, 50%, 50%, 70%)""]"
23,"男",23,"右","都不是","match_RDK","1130","j",1,0,"no","self","","[""hsla(0, 50%, 50%, 70%)"",""hsla(225, 50%, 50%, 70%)""]"
23,"男",23,"右","都不是","match_RDK","1414","f",1,0,"yes","other","","[""hsla(0, 50%, 50%, 70%)"",""hsla(225, 50%, 50%, 70%)""]"
23,"男",23,"右","都不是","match_RDK","1516","j",1,0,"no","other","","[""hsla(225, 50%, 50%, 70%)"",""hsla(0, 50%, 50%, 70%)""]"
23,"男",23,"右","都不是","match_RDK","1086","f",1,0,"yes","self","","[""hsla(0, 50%, 50%, 70%)"",""hsla(225, 50%, 50%, 70%)""]"
23,"男",23,"右","都不是","match_RDK","1025","j",1,0,"no","self","","[""hsla(0, 50%, 50%, 70%)"",""hsla(225, 50%, 50%, 70%)""]"
23,"男",23,"右","都不是","match_RDK","935","f",0,0,"no","other","","[""hsla(225, 50%, 50%, 70%)"",""hsla(0, 50%, 50%, 70%)""]"
23,"男",23,"右","都不是","match_RDK","1985","f",1,0,"yes","other","","[""hsla(0, 50%, 50%, 70%)"",""hsla(225, 50%, 50%, 70%)""]"
23,"男",23,"右","都不是","match_RDK","1696","j",1,0,"no","self","","[""hsla(0, 50%, 50%, 70%)"",""hsla(225, 50%, 50%, 70%)""]"
23,"男",23,"右","都不是","match_RDK","1512","f",1,0,"yes","self","","[""hsla(0, 50%, 50%, 70%)"",""hsla(225, 50%, 50%, 70%)""]"
23,"男",23,"右","都不是","match_RDK","1421","j",1,0,"no","other","","[""hsla(225, 50%, 50%, 70%)"",""hsla(0, 50%, 50%, 70%)""]"
23,"男",23,"右","都不是","match_RDK","1549","f",1,0,"yes","other","","[""hsla(0, 50%, 50%, 70%)"",""hsla(225, 50%, 50%, 70%)""]"
23,"男",23,"右","都不是","match_RDK","1476","j",1,0,"no","other","","[""hsla(225, 50%, 50%, 70%)"",""hsla(0, 50%, 50%, 70%)""]"
23,"男",23,"右","都不是","match_RDK","1191","f",1,0,"yes","other","","[""hsla(0, 50%, 50%, 70%)"",""hsla(225, 50%, 50%, 70%)""]"
23,"男",23,"右","都不是","match_RDK","1734","j",1,0,"no","self","","[""hsla(0, 50%, 50%, 70%)"",""hsla(225, 50%, 50%, 70%)""]"
23,"男",23,"右","都不是","match_RDK","1130","f",1,0,"yes","self","","[""hsla(0, 50%, 50%, 70%)"",""hsla(225, 50%, 50%, 70%)""]"
23,"男",23,"右","都不是","match_RDK","1265","j",1,0,"no","self","","[""hsla(0, 50%, 50%, 70%)"",""hsla(225, 50%, 50%, 70%)""]"
23,"男",23,"右","都不是","match_RDK","1148","j",1,0,"no","other","","[""hsla(225, 50%, 50%, 70%)"",""hsla(0, 50%, 50%, 70%)""]"
23,"男",23,"右","都不是","match_RDK","1423","f",1,0,"yes","other","","[""hsla(0, 50%, 50%, 70%)"",""hsla(225, 50%, 50%, 70%)""]"
23,"男",23,"右","都不是","match_RDK","981","f",1,0,"yes","self","","[""hsla(0, 50%, 50%, 70%)"",""hsla(225, 50%, 50%, 70%)""]"
23,"男",23,"右","都不是","match_RDK","925","j",1,0,"no","self","","[""hsla(0, 50%, 50%, 70%)"",""hsla(225, 50%, 50%, 70%)""]"
23,"男",23,"右","都不是","match_RDK","1110","j",1,0,"no","other","","[""hsla(225, 50%, 50%, 70%)"",""hsla(0, 50%, 50%, 70%)""]"
23,"男",23,"右","都不是","match_RDK","1065","f",1,0,"yes","other","","[""hsla(0, 50%, 50%, 70%)"",""hsla(225, 50%, 50%, 70%)""]"
23,"男",23,"右","都不是","match_RDK","973","f",1,0,"yes","self","","[""hsla(0, 50%, 50%, 70%)"",""hsla(225, 50%, 50%, 70%)""]"
23,"男",23,"右","都不是","match_RDK","1014","j",1,0,"no","other","","[""hsla(225, 50%, 50%, 70%)"",""hsla(0, 50%, 50%, 70%)""]"
23,"男",23,"右","都不是","match_RDK","1132","f",1,0,"yes","other","","[""hsla(0, 50%, 50%, 70%)"",""hsla(225, 50%, 50%, 70%)""]"
23,"男",23,"右","都不是","match_RDK","799","f",1,0,"yes","self","","[""hsla(0, 50%, 50%, 70%)"",""hsla(225, 50%, 50%, 70%)""]"
23,"男",23,"右","都不是","match_RDK","908","j",1,0,"no","self","","[""hsla(0, 50%, 50%, 70%)"",""hsla(225, 50%, 50%, 70%)""]"
23,"男",23,"右","都不是","match_RDK","1064","j",1,0,"no","self","","[""hsla(0, 50%, 50%, 70%)"",""hsla(225, 50%, 50%, 70%)""]"
23,"男",23,"右","都不是","match_RDK","1005","f",1,0,"yes","self","","[""hsla(0, 50%, 50%, 70%)"",""hsla(225, 50%, 50%, 70%)""]"
23,"男",23,"右","都不是","match_RDK","1011","j",0,0,"yes","other","","[""hsla(0, 50%, 50%, 70%)"",""hsla(225, 50%, 50%, 70%)""]"
23,"男",23,"右","都不是","match_RDK","1034","j",1,0,"no","other","","[""hsla(225, 50%, 50%, 70%)"",""hsla(0, 50%, 50%, 70%)""]"
23,"男",23,"右","都不是","match_RDK","878","f",1,0,"yes","self","","[""hsla(0, 50%, 50%, 70%)"",""hsla(225, 50%, 50%, 70%)""]"
23,"男",23,"右","都不是","match_RDK","1323","f",1,0,"yes","other","","[""hsla(0, 50%, 50%, 70%)"",""hsla(225, 50%, 50%, 70%)""]"
23,"男",23,"右","都不是","match_RDK","981","j",1,0,"no","self","","[""hsla(0, 50%, 50%, 70%)"",""hsla(225, 50%, 50%, 70%)""]"
23,"男",23,"右","都不是","match_RDK","1063","j",1,0,"no","other","","[""hsla(225, 50%, 50%, 70%)"",""hsla(0, 50%, 50%, 70%)""]"
23,"男",23,"右","都不是","match_RDK","1102","j",1,0,"no","self","","[""hsla(0, 50%, 50%, 70%)"",""hsla(225, 50%, 50%, 70%)""]"
23,"男",23,"右","都不是","match_RDK","881","f",0,0,"no","other","","[""hsla(225, 50%, 50%, 70%)"",""hsla(0, 50%, 50%, 70%)""]"
23,"男",23,"右","都不是","match_RDK","875","f",1,0,"yes","other","","[""hsla(0, 50%, 50%, 70%)"",""hsla(225, 50%, 50%, 70%)""]"
23,"男",23,"右","都不是","match_RDK","936","f",1,0,"yes","self","","[""hsla(0, 50%, 50%, 70%)"",""hsla(225, 50%, 50%, 70%)""]"
23,"男",23,"右","都不是","match_RDK","1103","j",1,0,"no","other","","[""hsla(225, 50%, 50%, 70%)"",""hsla(0, 50%, 50%, 70%)""]"
23,"男",23,"右","都不是","match_RDK","914","j",1,0,"no","self","","[""hsla(0, 50%, 50%, 70%)"",""hsla(225, 50%, 50%, 70%)""]"
23,"男",23,"右","都不是","match_RDK","861","f",1,0,"yes","self","","[""hsla(0, 50%, 50%, 70%)"",""hsla(225, 50%, 50%, 70%)""]"
23,"男",23,"右","都不是","match_RDK","968","f",1,0,"yes","other","","[""hsla(0, 50%, 50%, 70%)"",""hsla(225, 50%, 50%, 70%)""]"
23,"男",23,"右","都不是","match_RDK","864","j",1,0,"no","self","","[""hsla(0, 50%, 50%, 70%)"",""hsla(225, 50%, 50%, 70%)""]"
23,"男",23,"右","都不是","match_RDK","925","f",1,0,"yes","self","","[""hsla(0, 50%, 50%, 70%)"",""hsla(225, 50%, 50%, 70%)""]"
23,"男",23,"右","都不是","match_RDK","776","f",1,0,"yes","other","","[""hsla(0, 50%, 50%, 70%)"",""hsla(225, 50%, 50%, 70%)""]"
23,"男",23,"右","都不是","match_RDK","822","j",1,0,"no","other","","[""hsla(225, 50%, 50%, 70%)"",""hsla(0, 50%, 50%, 70%)""]"
23,"男",23,"右","都不是","match_RDK","661","f",1,0,"yes","self","","[""hsla(0, 50%, 50%, 70%)"",""hsla(225, 50%, 50%, 70%)""]"
23,"男",23,"右","都不是","match_RDK","793","f",0,0,"no","other","","[""hsla(225, 50%, 50%, 70%)"",""hsla(0, 50%, 50%, 70%)""]"
23,"男",23,"右","都不是","match_RDK","809","j",1,0,"no","self","","[""hsla(0, 50%, 50%, 70%)"",""hsla(225, 50%, 50%, 70%)""]"
23,"男",23,"右","都不是","match_RDK","1033","f",1,0,"yes","other","","[""hsla(0, 50%, 50%, 70%)"",""hsla(225, 50%, 50%, 70%)""]"
23,"男",23,"右","都不是","match_RDK","876","j",1,0,"no","other","","[""hsla(225, 50%, 50%, 70%)"",""hsla(0, 50%, 50%, 70%)""]"
23,"男",23,"右","都不是","match_RDK","856","f",1,0,"yes","self","","[""hsla(0, 50%, 50%, 70%)"",""hsla(225, 50%, 50%, 70%)""]"
23,"男",23,"右","都不是","match_RDK","805","f",1,0,"yes","other","","[""hsla(0, 50%, 50%, 70%)"",""hsla(225, 50%, 50%, 70%)""]"
23,"男",23,"右","都不是","match_RDK","944","j",1,0,"no","self","","[""hsla(0, 50%, 50%, 70%)"",""hsla(225, 50%, 50%, 70%)""]"
23,"男",23,"右","都不是","match_RDK","893","j",1,0,"no","other","","[""hsla(225, 50%, 50%, 70%)"",""hsla(0, 50%, 50%, 70%)""]"
23,"男",23,"右","都不是","match_RDK","1001","j",1,0,"no","self","","[""hsla(0, 50%, 50%, 70%)"",""hsla(225, 50%, 50%, 70%)""]"
23,"男",23,"右","都不是","match_RDK","750","f",1,0,"yes","self","","[""hsla(0, 50%, 50%, 70%)"",""hsla(225, 50%, 50%, 70%)""]"
23,"男",23,"右","都不是","match_RDK","991","f",1,0,"yes","other","","[""hsla(0, 50%, 50%, 70%)"",""hsla(225, 50%, 50%, 70%)""]"
23,"男",23,"右","都不是","match_RDK","950","j",1,0,"no","self","","[""hsla(0, 50%, 50%, 70%)"",""hsla(225, 50%, 50%, 70%)""]"
23,"男",23,"右","都不是","match_RDK","959","f",1,0,"yes","other","","[""hsla(0, 50%, 50%, 70%)"",""hsla(225, 50%, 50%, 70%)""]"
23,"男",23,"右","都不是","match_RDK","871","f",0,0,"no","other","","[""hsla(225, 50%, 50%, 70%)"",""hsla(0, 50%, 50%, 70%)""]"
23,"男",23,"右","都不是","match_RDK","1091","f",1,0,"yes","self","","[""hsla(0, 50%, 50%, 70%)"",""hsla(225, 50%, 50%, 70%)""]"
23,"男",23,"右","都不是","match_RDK","822","j",1,0,"no","other","","[""hsla(225, 50%, 50%, 70%)"",""hsla(0, 50%, 50%, 70%)""]"
23,"男",23,"右","都不是","match_RDK","836","f",1,0,"yes","self","","[""hsla(0, 50%, 50%, 70%)"",""hsla(225, 50%, 50%, 70%)""]"
23,"男",23,"右","都不是","match_RDK","673","j",1,0,"no","self","","[""hsla(0, 50%, 50%, 70%)"",""hsla(225, 50%, 50%, 70%)""]"
23,"男",23,"右","都不是","match_RDK","1278","j",0,0,"yes","other","","[""hsla(0, 50%, 50%, 70%)"",""hsla(225, 50%, 50%, 70%)""]"
23,"男",23,"右","都不是","match_RDK","735","f",1,0,"yes","self","","[""hsla(0, 50%, 50%, 70%)"",""hsla(225, 50%, 50%, 70%)""]"
23,"男",23,"右","都不是","match_RDK","1090","j",1,0,"no","other","","[""hsla(225, 50%, 50%, 70%)"",""hsla(0, 50%, 50%, 70%)""]"
23,"男",23,"右","都不是","match_RDK","1028","j",0,0,"yes","other","","[""hsla(0, 50%, 50%, 70%)"",""hsla(225, 50%, 50%, 70%)""]"
23,"男",23,"右","都不是","match_RDK","874","j",1,0,"no","self","","[""hsla(0, 50%, 50%, 70%)"",""hsla(225, 50%, 50%, 70%)""]"
23,"男",23,"右","都不是","match_RDK","1334","j",1,0,"no","self","","[""hsla(0, 50%, 50%, 70%)"",""hsla(225, 50%, 50%, 70%)""]"
23,"男",23,"右","都不是","match_RDK","861","f",0,0,"no","other","","[""hsla(225, 50%, 50%, 70%)"",""hsla(0, 50%, 50%, 70%)""]"
23,"男",23,"右","都不是","match_RDK","1052","f",1,0,"yes","self","","[""hsla(0, 50%, 50%, 70%)"",""hsla(225, 50%, 50%, 70%)""]"
23,"男",23,"右","都不是","match_RDK","864","f",1,0,"yes","other","","[""hsla(0, 50%, 50%, 70%)"",""hsla(225, 50%, 50%, 70%)""]"
23,"男",23,"右","都不是","RDK","876","k",1,0,"","self","easy","[""hsla(225, 50%, 50%, 70%)"",""hsla(0, 50%, 50%, 70%)""]"
23,"男",23,"右","都不是","RDK","871","d",1,0,"","other","difficult","[""hsla(0, 50%, 50%, 70%)"",""hsla(225, 50%, 50%, 70%)""]"
23,"男",23,"右","都不是","RDK","1043","d",0,0,"","self","difficult","[""hsla(225, 50%, 50%, 70%)"",""hsla(0, 50%, 50%, 70%)""]"
23,"男",23,"右","都不是","RDK","683","d",1,0,"","other","easy","[""hsla(0, 50%, 50%, 70%)"",""hsla(225, 50%, 50%, 70%)""]"
23,"男",23,"右","都不是","RDK","524","d",1,0,"","other","easy","[""hsla(0, 50%, 50%, 70%)"",""hsla(225, 50%, 50%, 70%)""]"
23,"男",23,"右","都不是","RDK","791","d",0,0,"","self","easy","[""hsla(225, 50%, 50%, 70%)"",""hsla(0, 50%, 50%, 70%)""]"
23,"男",23,"右","都不是","RDK","709","d",1,0,"","other","difficult","[""hsla(0, 50%, 50%, 70%)"",""hsla(225, 50%, 50%, 70%)""]"
23,"男",23,"右","都不是","RDK","968","k",1,0,"","self","difficult","[""hsla(225, 50%, 50%, 70%)"",""hsla(0, 50%, 50%, 70%)""]"
23,"男",23,"右","都不是","RDK","896","k",1,0,"","self","easy","[""hsla(225, 50%, 50%, 70%)"",""hsla(0, 50%, 50%, 70%)""]"
23,"男",23,"右","都不是","RDK","748","d",1,0,"","other","easy","[""hsla(0, 50%, 50%, 70%)"",""hsla(225, 50%, 50%, 70%)""]"
23,"男",23,"右","都不是","RDK","875","d",1,0,"","other","difficult","[""hsla(0, 50%, 50%, 70%)"",""hsla(225, 50%, 50%, 70%)""]"
23,"男",23,"右","都不是","RDK","792","k",1,0,"","self","difficult","[""hsla(225, 50%, 50%, 70%)"",""hsla(0, 50%, 50%, 70%)""]"
23,"男",23,"右","都不是","RDK","1095","k",1,0,"","self","difficult","[""hsla(225, 50%, 50%, 70%)"",""hsla(0, 50%, 50%, 70%)""]"
23,"男",23,"右","都不是","RDK","490","d",1,0,"","other","easy","[""hsla(0, 50%, 50%, 70%)"",""hsla(225, 50%, 50%, 70%)""]"
23,"男",23,"右","都不是","RDK","422","d",0,0,"","self","easy","[""hsla(225, 50%, 50%, 70%)"",""hsla(0, 50%, 50%, 70%)""]"
23,"男",23,"右","都不是","RDK","484","d",1,0,"","other","difficult","[""hsla(0, 50%, 50%, 70%)"",""hsla(225, 50%, 50%, 70%)""]"
23,"男",23,"右","都不是","RDK","688","k",1,0,"","self","easy","[""hsla(225, 50%, 50%, 70%)"",""hsla(0, 50%, 50%, 70%)""]"
23,"男",23,"右","都不是","RDK","476","d",0,0,"","self","difficult","[""hsla(225, 50%, 50%, 70%)"",""hsla(0, 50%, 50%, 70%)""]"
23,"男",23,"右","都不是","RDK","623","d",1,0,"","other","easy","[""hsla(0, 50%, 50%, 70%)"",""hsla(225, 50%, 50%, 70%)""]"
23,"男",23,"右","都不是","RDK","639","d",1,0,"","other","difficult","[""hsla(0, 50%, 50%, 70%)"",""hsla(225, 50%, 50%, 70%)""]"
23,"男",23,"右","都不是","RDK","666","d",1,0,"","other","easy","[""hsla(0, 50%, 50%, 70%)"",""hsla(225, 50%, 50%, 70%)""]"
23,"男",23,"右","都不是","RDK","685","d",1,0,"","other","difficult","[""hsla(0, 50%, 50%, 70%)"",""hsla(225, 50%, 50%, 70%)""]"
23,"男",23,"右","都不是","RDK","592","k",1,0,"","self","easy","[""hsla(225, 50%, 50%, 70%)"",""hsla(0, 50%, 50%, 70%)""]"
23,"男",23,"右","都不是","RDK","727","k",1,0,"","self","difficult","[""hsla(225, 50%, 50%, 70%)"",""hsla(0, 50%, 50%, 70%)""]"
23,"男",23,"右","都不是","RDK","694","k",1,0,"","self","difficult","[""hsla(225, 50%, 50%, 70%)"",""hsla(0, 50%, 50%, 70%)""]"
23,"男",23,"右","都不是","RDK","588","d",1,0,"","other","easy","[""hsla(0, 50%, 50%, 70%)"",""hsla(225, 50%, 50%, 70%)""]"
23,"男",23,"右","都不是","RDK","918","k",1,0,"","self","easy","[""hsla(225, 50%, 50%, 70%)"",""hsla(0, 50%, 50%, 70%)""]"
23,"男",23,"右","都不是","RDK","639","d",1,0,"","other","difficult","[""hsla(0, 50%, 50%, 70%)"",""hsla(225, 50%, 50%, 70%)""]"
23,"男",23,"右","都不是","RDK","676","k",1,0,"","self","easy","[""hsla(225, 50%, 50%, 70%)"",""hsla(0, 50%, 50%, 70%)""]"
23,"男",23,"右","都不是","RDK","647","d",1,0,"","other","easy","[""hsla(0, 50%, 50%, 70%)"",""hsla(225, 50%, 50%, 70%)""]"
23,"男",23,"右","都不是","RDK","651","k",1,0,"","self","difficult","[""hsla(225, 50%, 50%, 70%)"",""hsla(0, 50%, 50%, 70%)""]"
23,"男",23,"右","都不是","RDK","593","d",1,0,"","other","difficult","[""hsla(0, 50%, 50%, 70%)"",""hsla(225, 50%, 50%, 70%)""]"
23,"男",23,"右","都不是","RDK","920","d",1,0,"","other","easy","[""hsla(0, 50%, 50%, 70%)"",""hsla(225, 50%, 50%, 70%)""]"
23,"男",23,"右","都不是","RDK","625","d",1,0,"","other","difficult","[""hsla(0, 50%, 50%, 70%)"",""hsla(225, 50%, 50%, 70%)""]"
23,"男",23,"右","都不是","RDK","681","k",1,0,"","self","difficult","[""hsla(225, 50%, 50%, 70%)"",""hsla(0, 50%, 50%, 70%)""]"
23,"男",23,"右","都不是","RDK","651","k",1,0,"","self","easy","[""hsla(225, 50%, 50%, 70%)"",""hsla(0, 50%, 50%, 70%)""]"
23,"男",23,"右","都不是","RDK","735","k",1,0,"","self","easy","[""hsla(225, 50%, 50%, 70%)"",""hsla(0, 50%, 50%, 70%)""]"
23,"男",23,"右","都不是","RDK","834","d",1,0,"","other","difficult","[""hsla(0, 50%, 50%, 70%)"",""hsla(225, 50%, 50%, 70%)""]"
23,"男",23,"右","都不是","RDK","558","k",1,0,"","self","difficult","[""hsla(225, 50%, 50%, 70%)"",""hsla(0, 50%, 50%, 70%)""]"
23,"男",23,"右","都不是","RDK","615","k",0,0,"","other","easy","[""hsla(0, 50%, 50%, 70%)"",""hsla(225, 50%, 50%, 70%)""]"
23,"男",23,"右","都不是","RDK","1436","d",0,0,"","self","difficult","[""hsla(225, 50%, 50%, 70%)"",""hsla(0, 50%, 50%, 70%)""]"
23,"男",23,"右","都不是","RDK","1763","k",1,0,"","self","easy","[""hsla(225, 50%, 50%, 70%)"",""hsla(0, 50%, 50%, 70%)""]"
23,"男",23,"右","都不是","RDK","684","d",1,0,"","other","easy","[""hsla(0, 50%, 50%, 70%)"",""hsla(225, 50%, 50%, 70%)""]"
23,"男",23,"右","都不是","RDK","511","d",1,0,"","other","difficult","[""hsla(0, 50%, 50%, 70%)"",""hsla(225, 50%, 50%, 70%)""]"
23,"男",23,"右","都不是","RDK","745","d",0,0,"","self","easy","[""hsla(225, 50%, 50%, 70%)"",""hsla(0, 50%, 50%, 70%)""]"
23,"男",23,"右","都不是","RDK","729","d",1,0,"","other","easy","[""hsla(0, 50%, 50%, 70%)"",""hsla(225, 50%, 50%, 70%)""]"
23,"男",23,"右","都不是","RDK","699","k",0,0,"","other","difficult","[""hsla(0, 50%, 50%, 70%)"",""hsla(225, 50%, 50%, 70%)""]"
23,"男",23,"右","都不是","RDK","974","k",1,0,"","self","difficult","[""hsla(225, 50%, 50%, 70%)"",""hsla(0, 50%, 50%, 70%)""]"
23,"男",23,"右","都不是","RDK","741","d",1,0,"","other","easy","[""hsla(0, 50%, 50%, 70%)"",""hsla(225, 50%, 50%, 70%)""]"
23,"男",23,"右","都不是","RDK","1032","d",0,0,"","self","difficult","[""hsla(225, 50%, 50%, 70%)"",""hsla(0, 50%, 50%, 70%)""]"
23,"男",23,"右","都不是","RDK","1020","d",1,0,"","other","difficult","[""hsla(0, 50%, 50%, 70%)"",""hsla(225, 50%, 50%, 70%)""]"
23,"男",23,"右","都不是","RDK","690","k",1,0,"","self","easy","[""hsla(225, 50%, 50%, 70%)"",""hsla(0, 50%, 50%, 70%)""]"
23,"男",23,"右","都不是","RDK","933","k",0,0,"","other","easy","[""hsla(0, 50%, 50%, 70%)"",""hsla(225, 50%, 50%, 70%)""]"
23,"男",23,"右","都不是","RDK","798","k",1,0,"","self","easy","[""hsla(225, 50%, 50%, 70%)"",""hsla(0, 50%, 50%, 70%)""]"
23,"男",23,"右","都不是","RDK","751","k",1,0,"","self","difficult","[""hsla(225, 50%, 50%, 70%)"",""hsla(0, 50%, 50%, 70%)""]"
23,"男",23,"右","都不是","RDK","654","d",1,0,"","other","difficult","[""hsla(0, 50%, 50%, 70%)"",""hsla(225, 50%, 50%, 70%)""]"
23,"男",23,"右","都不是","RDK","819","k",1,0,"","self","difficult","[""hsla(225, 50%, 50%, 70%)"",""hsla(0, 50%, 50%, 70%)""]"
23,"男",23,"右","都不是","RDK","688","d",1,0,"","other","easy","[""hsla(0, 50%, 50%, 70%)"",""hsla(225, 50%, 50%, 70%)""]"
23,"男",23,"右","都不是","RDK","852","d",0,0,"","self","easy","[""hsla(225, 50%, 50%, 70%)"",""hsla(0, 50%, 50%, 70%)""]"
23,"男",23,"右","都不是","RDK","847","d",1,0,"","other","difficult","[""hsla(0, 50%, 50%, 70%)"",""hsla(225, 50%, 50%, 70%)""]"
23,"男",23,"右","都不是","RDK","717","d",1,0,"","other","difficult","[""hsla(0, 50%, 50%, 70%)"",""hsla(225, 50%, 50%, 70%)""]"
23,"男",23,"右","都不是","RDK","767","d",1,0,"","other","easy","[""hsla(0, 50%, 50%, 70%)"",""hsla(225, 50%, 50%, 70%)""]"
23,"男",23,"右","都不是","RDK","817","d",0,0,"","self","difficult","[""hsla(225, 50%, 50%, 70%)"",""hsla(0, 50%, 50%, 70%)""]"
23,"男",23,"右","都不是","RDK","903","k",1,0,"","self","easy","[""hsla(225, 50%, 50%, 70%)"",""hsla(0, 50%, 50%, 70%)""]"
23,"男",23,"右","都不是","RDK","806","d",0,0,"","self","easy","[""hsla(225, 50%, 50%, 70%)"",""hsla(0, 50%, 50%, 70%)""]"
23,"男",23,"右","都不是","RDK","920","d",1,0,"","other","difficult","[""hsla(0, 50%, 50%, 70%)"",""hsla(225, 50%, 50%, 70%)""]"
23,"男",23,"右","都不是","RDK","1074","d",1,0,"","other","easy","[""hsla(0, 50%, 50%, 70%)"",""hsla(225, 50%, 50%, 70%)""]"
23,"男",23,"右","都不是","RDK","693","k",1,0,"","self","difficult","[""hsla(225, 50%, 50%, 70%)"",""hsla(0, 50%, 50%, 70%)""]"
23,"男",23,"右","都不是","RDK","731","d",1,0,"","other","easy","[""hsla(0, 50%, 50%, 70%)"",""hsla(225, 50%, 50%, 70%)""]"
23,"男",23,"右","都不是","RDK","873","k",1,0,"","self","difficult","[""hsla(225, 50%, 50%, 70%)"",""hsla(0, 50%, 50%, 70%)""]"
23,"男",23,"右","都不是","RDK","821","d",1,0,"","other","difficult","[""hsla(0, 50%, 50%, 70%)"",""hsla(225, 50%, 50%, 70%)""]"
23,"男",23,"右","都不是","RDK","1036","k",1,0,"","self","easy","[""hsla(225, 50%, 50%, 70%)"",""hsla(0, 50%, 50%, 70%)""]"
23,"男",23,"右","都不是","RDK","1113","k",1,0,"","self","easy","[""hsla(225, 50%, 50%, 70%)"",""hsla(0, 50%, 50%, 70%)""]"
23,"男",23,"右","都不是","RDK","938","d",1,0,"","other","easy","[""hsla(0, 50%, 50%, 70%)"",""hsla(225, 50%, 50%, 70%)""]"
23,"男",23,"右","都不是","RDK","1076","k",1,0,"","self","difficult","[""hsla(225, 50%, 50%, 70%)"",""hsla(0, 50%, 50%, 70%)""]"
23,"男",23,"右","都不是","RDK","682","d",1,0,"","other","difficult","[""hsla(0, 50%, 50%, 70%)"",""hsla(225, 50%, 50%, 70%)""]"
23,"男",23,"右","都不是","RDK","700","d",1,0,"","other","difficult","[""hsla(0, 50%, 50%, 70%)"",""hsla(225, 50%, 50%, 70%)""]"
23,"男",23,"右","都不是","RDK","896","k",1,0,"","self","difficult","[""hsla(225, 50%, 50%, 70%)"",""hsla(0, 50%, 50%, 70%)""]"
23,"男",23,"右","都不是","RDK","827","k",1,0,"","self","easy","[""hsla(225, 50%, 50%, 70%)"",""hsla(0, 50%, 50%, 70%)""]"
23,"男",23,"右","都不是","RDK","904","d",1,0,"","other","easy","[""hsla(0, 50%, 50%, 70%)"",""hsla(225, 50%, 50%, 70%)""]"
23,"男",23,"右","都不是","RDK","833","d",1,0,"","other","difficult","[""hsla(0, 50%, 50%, 70%)"",""hsla(225, 50%, 50%, 70%)""]"
23,"男",23,"右","都不是","RDK","800","k",1,0,"","self","difficult","[""hsla(225, 50%, 50%, 70%)"",""hsla(0, 50%, 50%, 70%)""]"
23,"男",23,"右","都不是","RDK","703","k",1,0,"","self","easy","[""hsla(225, 50%, 50%, 70%)"",""hsla(0, 50%, 50%, 70%)""]"
23,"男",23,"右","都不是","RDK","593","k",0,0,"","other","easy","[""hsla(0, 50%, 50%, 70%)"",""hsla(225, 50%, 50%, 70%)""]"
23,"男",23,"右","都不是","RDK","729","k",1,0,"","self","difficult","[""hsla(225, 50%, 50%, 70%)"",""hsla(0, 50%, 50%, 70%)""]"
23,"男",23,"右","都不是","RDK","571","d",1,0,"","other","difficult","[""hsla(0, 50%, 50%, 70%)"",""hsla(225, 50%, 50%, 70%)""]"
23,"男",23,"右","都不是","RDK","723","k",1,0,"","self","easy","[""hsla(225, 50%, 50%, 70%)"",""hsla(0, 50%, 50%, 70%)""]"
23,"男",23,"右","都不是","RDK","661","d",1,0,"","other","easy","[""hsla(0, 50%, 50%, 70%)"",""hsla(225, 50%, 50%, 70%)""]"
23,"男",23,"右","都不是","RDK","697","k",1,0,"","self","easy","[""hsla(225, 50%, 50%, 70%)"",""hsla(0, 50%, 50%, 70%)""]"
23,"男",23,"右","都不是","RDK","764","d",1,0,"","other","easy","[""hsla(0, 50%, 50%, 70%)"",""hsla(225, 50%, 50%, 70%)""]"
23,"男",23,"右","都不是","RDK","667","k",1,0,"","self","difficult","[""hsla(225, 50%, 50%, 70%)"",""hsla(0, 50%, 50%, 70%)""]"
23,"男",23,"右","都不是","RDK","881","d",1,0,"","other","difficult","[""hsla(0, 50%, 50%, 70%)"",""hsla(225, 50%, 50%, 70%)""]"
23,"男",23,"右","都不是","RDK","907","k",1,0,"","self","difficult","[""hsla(225, 50%, 50%, 70%)"",""hsla(0, 50%, 50%, 70%)""]"
23,"男",23,"右","都不是","RDK","726","d",1,0,"","other","easy","[""hsla(0, 50%, 50%, 70%)"",""hsla(225, 50%, 50%, 70%)""]"
23,"男",23,"右","都不是","RDK","1049","k",1,0,"","self","easy","[""hsla(225, 50%, 50%, 70%)"",""hsla(0, 50%, 50%, 70%)""]"
23,"男",23,"右","都不是","RDK","812","d",1,0,"","other","difficult","[""hsla(0, 50%, 50%, 70%)"",""hsla(225, 50%, 50%, 70%)""]"
23,"男",23,"右","都不是","RDK","984","k",1,0,"","self","difficult","[""hsla(225, 50%, 50%, 70%)"",""hsla(0, 50%, 50%, 70%)""]"
23,"男",23,"右","都不是","RDK","867","k",1,0,"","self","easy","[""hsla(225, 50%, 50%, 70%)"",""hsla(0, 50%, 50%, 70%)""]"
23,"男",23,"右","都不是","RDK","623","d",1,0,"","other","easy","[""hsla(0, 50%, 50%, 70%)"",""hsla(225, 50%, 50%, 70%)""]"
23,"男",23,"右","都不是","RDK","693","d",1,0,"","other","difficult","[""hsla(0, 50%, 50%, 70%)"",""hsla(225, 50%, 50%, 70%)""]"
23,"男",23,"右","都不是","RDK","937","k",1,0,"","self","difficult","[""hsla(225, 50%, 50%, 70%)"",""hsla(0, 50%, 50%, 70%)""]"
23,"男",23,"右","都不是","RDK","577","d",1,0,"","other","easy","[""hsla(0, 50%, 50%, 70%)"",""hsla(225, 50%, 50%, 70%)""]"
23,"男",23,"右","都不是","RDK","554","d",1,0,"","other","difficult","[""hsla(0, 50%, 50%, 70%)"",""hsla(225, 50%, 50%, 70%)""]"
23,"男",23,"右","都不是","RDK","755","k",1,0,"","self","easy","[""hsla(225, 50%, 50%, 70%)"",""hsla(0, 50%, 50%, 70%)""]"
23,"男",23,"右","都不是","RDK","612","d",0,0,"","self","easy","[""hsla(225, 50%, 50%, 70%)"",""hsla(0, 50%, 50%, 70%)""]"
23,"男",23,"右","都不是","RDK","634","d",1,0,"","other","easy","[""hsla(0, 50%, 50%, 70%)"",""hsla(225, 50%, 50%, 70%)""]"
23,"男",23,"右","都不是","RDK","625","k",1,0,"","self","difficult","[""hsla(225, 50%, 50%, 70%)"",""hsla(0, 50%, 50%, 70%)""]"
23,"男",23,"右","都不是","RDK","677","d",1,0,"","other","difficult","[""hsla(0, 50%, 50%, 70%)"",""hsla(225, 50%, 50%, 70%)""]"
23,"男",23,"右","都不是","RDK","699","d",1,0,"","other","easy","[""hsla(0, 50%, 50%, 70%)"",""hsla(225, 50%, 50%, 70%)""]"
23,"男",23,"右","都不是","RDK","669","k",1,0,"","self","easy","[""hsla(225, 50%, 50%, 70%)"",""hsla(0, 50%, 50%, 70%)""]"
23,"男",23,"右","都不是","RDK","640","k",1,0,"","self","difficult","[""hsla(225, 50%, 50%, 70%)"",""hsla(0, 50%, 50%, 70%)""]"
23,"男",23,"右","都不是","RDK","631","d",1,0,"","other","difficult","[""hsla(0, 50%, 50%, 70%)"",""hsla(225, 50%, 50%, 70%)""]"
23,"男",23,"右","都不是","RDK","692","d",1,0,"","other","difficult","[""hsla(0, 50%, 50%, 70%)"",""hsla(225, 50%, 50%, 70%)""]"
23,"男",23,"右","都不是","RDK","718","d",1,0,"","other","easy","[""hsla(0, 50%, 50%, 70%)"",""hsla(225, 50%, 50%, 70%)""]"
23,"男",23,"右","都不是","RDK","673","k",1,0,"","self","difficult","[""hsla(225, 50%, 50%, 70%)"",""hsla(0, 50%, 50%, 70%)""]"
23,"男",23,"右","都不是","RDK","821","k",1,0,"","self","easy","[""hsla(225, 50%, 50%, 70%)"",""hsla(0, 50%, 50%, 70%)""]"
23,"男",23,"右","都不是","RDK","626","d",1,0,"","other","easy","[""hsla(0, 50%, 50%, 70%)"",""hsla(225, 50%, 50%, 70%)""]"
23,"男",23,"右","都不是","RDK","760","k",1,0,"","self","difficult","[""hsla(225, 50%, 50%, 70%)"",""hsla(0, 50%, 50%, 70%)""]"
23,"男",23,"右","都不是","RDK","698","k",0,0,"","other","difficult","[""hsla(0, 50%, 50%, 70%)"",""hsla(225, 50%, 50%, 70%)""]"
23,"男",23,"右","都不是","RDK","699","k",1,0,"","self","easy","[""hsla(225, 50%, 50%, 70%)"",""hsla(0, 50%, 50%, 70%)""]"
